Index,1,2,3,5,6,7,8,9,9
Image,,,,,,,,,
Name,dummy,AnnualSST-FF-RCP2.6,annualphytoplankton-FF-ECS-RCP2.6,annualDOsurface-FF-ECS-RCP2.6,annualpHsurface-FF-ECS-RCP2.6,AnnualSST-FF-RCP8.5,annualphytoplankton-FF-ECS-RCP8.5,annualDOsurface-FF-ECS-RCP8.5,annualpHsurface-FF-ECS-RCP8.5
2000,1,10,0.969112,1,1,10,1.066023,1.1,1.1
February,1,10.00165153,0.9536679,1,1,10.00330306,1.049035,1.1,1.1
March,1,10.00330306,0.9536679,1,1,10.00660611,1.049035,1.1,1.1
April,1,10.00495458,0.9536679,1,1,10.00990917,1.049035,1.1,1.1
May,1,10.00660611,0.9536679,1,1,10.01321222,1.049035,1.1,1.1
June,1,10.00825764,0.9459459,1,1,10.01651528,1.04054,1.1,1.1
July,1,10.00990917,0.9343629,1,1,10.01981833,1.027799,1.1,1.1
August,1,10.01156069,0.9227799,1,1,10.02312139,1.015058,1.1,1.1
September,1,10.01321222,0.9189189,1,1,10.02642444,1.010811,1.1,1.1
October,1,10.01486375,0.9189189,1,1,10.0297275,1.010811,1.1,1.1
November,1,10.01651528,0.9189189,1,1,10.03303055,1.010811,1.1,1.1
December,1,10.0181668,0.9073359,1,1,10.03633361,0.9980695,1.1,1.1
2001,1,10.01981833,0.8918919,1,1,10.03963666,0.9810811,1.1,1.1
February,1,10.02146986,0.8880309,1,1,10.04293972,0.976834,1.1,1.1
March,1,10.02312139,0.8687259,1,1,10.04624277,0.9555985,1.1,1.1
April,1,10.02477291,0.8571429,1,1,10.04954583,0.9428572,1.1,1.1
May,1,10.02642444,0.8571429,1,1,10.05284889,0.9428572,1.1,1.1
June,1,10.02807597,0.8571429,1,1,10.05615194,0.9428572,1.1,1.1
July,1,10.0297275,0.8455598,1,1,10.059455,0.9301158,1.1,1.1
August,1,10.03137903,0.8339768,1,1,10.06275805,0.9173745,1.1,1.1
September,1,10.03303055,0.8185328,1,1,10.06606111,0.9003861,1.1,1.1
October,1,10.03468208,0.7992278,1,1,10.06936416,0.8791506,1.1,1.1
November,1,10.03633361,0.7606177,1,1,10.07266722,0.8366795,1.1,1.1
December,1,10.03798514,0.7277992,1,1,10.07597027,0.8005791,1.1,1.1
2002,1,10.03963666,1,1,1,10.07927333,1.1,1.1,1.1
February,1,10.04128819,1,1,1,10.08257638,1.1,1.1,1.1
March,1,10.04293972,1,1,1,10.08587944,1.1,1.1,1.1
April,1,10.04459125,1,1,1,10.08918249,1.1,1.1,1.1
May,1,10.04624277,1,1,1,10.09248555,1.1,1.1,1.1
June,1,10.0478943,1,1,1,10.0957886,1.1,1.1,1.1
July,1,10.04954583,1,1,1,10.09909166,1.1,1.1,1.1
August,1,10.05119736,1,1,1,10.10239472,1.1,1.1,1.1
September,1,10.05284889,1,1,1,10.10569777,1.1,1.1,1.1
October,1,10.05450041,1,1,1,10.10900083,1.1,1.1,1.1
November,1,10.05615194,1,1,1,10.11230388,1.1,1.1,1.1
December,1,10.05780347,1,1,1,10.11560694,1.1,1.1,1.1
2003,1,10.059455,1,1,1,10.11890999,1.1,1.1,1.1
February,1,10.06110652,1,1,1,10.12221305,1.1,1.1,1.1
March,1,10.06275805,1,1,1,10.1255161,1.1,1.1,1.1
April,1,10.06440958,1,1,1,10.12881916,1.1,1.1,1.1
May,1,10.06606111,1,1,1,10.13212221,1.1,1.1,1.1
June,1,10.06771263,1,1,1,10.13542527,1.1,1.1,1.1
July,1,10.06936416,1,1,1,10.13872832,1.1,1.1,1.1
August,1,10.07101569,1,1,1,10.14203138,1.1,1.1,1.1
September,1,10.07266722,1,1,1,10.14533443,1.1,1.1,1.1
October,1,10.07431874,1,1,1,10.14863749,1.1,1.1,1.1
November,1,10.07597027,1,1,1,10.15194055,1.1,1.1,1.1
December,1,10.0776218,1,1,1,10.1552436,1.1,1.1,1.1
2004,1,10.07927333,1,1,1,10.15854666,1.1,1.1,1.1
February,1,10.08092486,1,1,1,10.16184971,1.1,1.1,1.1
March,1,10.08257638,1,1,1,10.16515277,1.1,1.1,1.1
April,1,10.08422791,1,1,1,10.16845582,1.1,1.1,1.1
May,1,10.08587944,1,1,1,10.17175888,1.1,1.1,1.1
June,1,10.08753097,1,1,1,10.17506193,1.1,1.1,1.1
July,1,10.08918249,1,1,1,10.17836499,1.1,1.1,1.1
August,1,10.09083402,1,1,1,10.18166804,1.1,1.1,1.1
September,1,10.09248555,1,1,1,10.1849711,1.1,1.1,1.1
October,1,10.09413708,1,1,1,10.18827415,1.1,1.1,1.1
November,1,10.0957886,1,1,1,10.19157721,1.1,1.1,1.1
December,1,10.09744013,1,1,1,10.19488026,1.1,1.1,1.1
2005,1,10.09909166,1,1,1,10.19818332,1.1,1.1,1.1
February,1,10.10074319,1,1,1,10.20148637,1.1,1.1,1.1
March,1,10.10239472,1,1,1,10.20478943,1.1,1.1,1.1
April,1,10.10404624,1,1,1,10.20809249,1.1,1.1,1.1
May,1,10.10569777,1,1,1,10.21139554,1.1,1.1,1.1
June,1,10.1073493,1,1,1,10.2146986,1.1,1.1,1.1
July,1,10.10900083,1,1,1,10.21800165,1.1,1.1,1.1
August,1,10.11065235,1,1,1,10.22130471,1.1,1.1,1.1
September,1,10.11230388,1,1,1,10.22460776,1.1,1.1,1.1
October,1,10.11395541,1,1,1,10.22791082,1.1,1.1,1.1
November,1,10.11560694,1,1,1,10.23121387,1.1,1.1,1.1
December,1,10.11725846,1,1,1,10.23451693,1.1,1.1,1.1
2006,1,10.11890999,1,1,1,10.23781998,1.1,1.1,1.1
February,1,10.12056152,1,1,1,10.24112304,1.1,1.1,1.1
March,1,10.12221305,1,1,1,10.24442609,1.1,1.1,1.1
April,1,10.12386457,1,1,1,10.24772915,1.1,1.1,1.1
May,1,10.1255161,1,1,1,10.2510322,1.1,1.1,1.1
June,1,10.12716763,1,1,1,10.25433526,1.1,1.1,1.1
July,1,10.12881916,1,1,1,10.25763832,1.1,1.1,1.1
August,1,10.13047069,1,1,1,10.26094137,1.1,1.1,1.1
September,1,10.13212221,1,1,1,10.26424443,1.1,1.1,1.1
October,1,10.13377374,1,1,1,10.26754748,1.1,1.1,1.1
November,1,10.13542527,1,1,1,10.27085054,1.1,1.1,1.1
December,1,10.1370768,1,1,1,10.27415359,1.1,1.1,1.1
2007,1,10.13872832,1,1,1,10.27745665,1.1,1.1,1.1
February,1,10.14037985,1,1,1,10.2807597,1.1,1.1,1.1
March,1,10.14203138,1,1,1,10.28406276,1.1,1.1,1.1
April,1,10.14368291,1,1,1,10.28736581,1.1,1.1,1.1
May,1,10.14533443,1,1,1,10.29066887,1.1,1.1,1.1
June,1,10.14698596,1,1,1,10.29397192,1.1,1.1,1.1
July,1,10.14863749,1,1,1,10.29727498,1.1,1.1,1.1
August,1,10.15028902,1,1,1,10.30057803,1.1,1.1,1.1
September,1,10.15194055,1,1,1,10.30388109,1.1,1.1,1.1
October,1,10.15359207,1,1,1,10.30718415,1.1,1.1,1.1
November,1,10.1552436,1,1,1,10.3104872,1.1,1.1,1.1
December,1,10.15689513,1,1,1,10.31379026,1.1,1.1,1.1
2008,1,10.15854666,1,1,1,10.31709331,1.1,1.1,1.1
February,1,10.16019818,1,1,1,10.32039637,1.1,1.1,1.1
March,1,10.16184971,1,1,1,10.32369942,1.1,1.1,1.1
April,1,10.16350124,1,1,1,10.32700248,1.1,1.1,1.1
May,1,10.16515277,1,1,1,10.33030553,1.1,1.1,1.1
June,1,10.16680429,1,1,1,10.33360859,1.1,1.1,1.1
July,1,10.16845582,1,1,1,10.33691164,1.1,1.1,1.1
August,1,10.17010735,1,1,1,10.3402147,1.1,1.1,1.1
September,1,10.17175888,1,1,1,10.34351775,1.1,1.1,1.1
October,1,10.1734104,1,1,1,10.34682081,1.1,1.1,1.1
November,1,10.17506193,1,1,1,10.35012386,1.1,1.1,1.1
December,1,10.17671346,1,1,1,10.35342692,1.1,1.1,1.1
2009,1,10.17836499,1,1,1,10.35672998,1.1,1.1,1.1
February,1,10.18001652,1,1,1,10.36003303,1.1,1.1,1.1
March,1,10.18166804,1,1,1,10.36333609,1.1,1.1,1.1
April,1,10.18331957,1,1,1,10.36663914,1.1,1.1,1.1
May,1,10.1849711,1,1,1,10.3699422,1.1,1.1,1.1
June,1,10.18662263,1,1,1,10.37324525,1.1,1.1,1.1
July,1,10.18827415,1,1,1,10.37654831,1.1,1.1,1.1
August,1,10.18992568,1,1,1,10.37985136,1.1,1.1,1.1
September,1,10.19157721,1,1,1,10.38315442,1.1,1.1,1.1
October,1,10.19322874,1,1,1,10.38645747,1.1,1.1,1.1
November,1,10.19488026,1,1,1,10.38976053,1.1,1.1,1.1
December,1,10.19653179,1,1,1,10.39306358,1.1,1.1,1.1
2010,1,10.19818332,1,1,1,10.39636664,1.1,1.1,1.1
February,1,10.19983485,1,1,1,10.39966969,1.1,1.1,1.1
March,1,10.20148637,1,1,1,10.40297275,1.1,1.1,1.1
April,1,10.2031379,1,1,1,10.40627581,1.1,1.1,1.1
May,1,10.20478943,1,1,1,10.40957886,1.1,1.1,1.1
June,1,10.20644096,1,1,1,10.41288192,1.1,1.1,1.1
July,1,10.20809249,1,1,1,10.41618497,1.1,1.1,1.1
August,1,10.20974401,1,1,1,10.41948803,1.1,1.1,1.1
September,1,10.21139554,1,1,1,10.42279108,1.1,1.1,1.1
October,1,10.21304707,1,1,1,10.42609414,1.1,1.1,1.1
November,1,10.2146986,1,1,1,10.42939719,1.1,1.1,1.1
December,1,10.21635012,1,1,1,10.43270025,1.1,1.1,1.1
2011,1,10.21800165,1,1,1,10.4360033,1.1,1.1,1.1
February,1,10.21965318,1,1,1,10.43930636,1.1,1.1,1.1
March,1,10.22130471,1,1,1,10.44260941,1.1,1.1,1.1
April,1,10.22295623,1,1,1,10.44591247,1.1,1.1,1.1
May,1,10.22460776,1,1,1,10.44921552,1.1,1.1,1.1
June,1,10.22625929,1,1,1,10.45251858,1.1,1.1,1.1
July,1,10.22791082,1,1,1,10.45582164,1.1,1.1,1.1
August,1,10.22956235,1,1,1,10.45912469,1.1,1.1,1.1
September,1,10.23121387,1,1,1,10.46242775,1.1,1.1,1.1
October,1,10.2328654,1,1,1,10.4657308,1.1,1.1,1.1
November,1,10.23451693,1,1,1,10.46903386,1.1,1.1,1.1
December,1,10.23616846,1,1,1,10.47233691,1.1,1.1,1.1
2012,1,10.23781998,1,1,1,10.47563997,1.1,1.1,1.1
February,1,10.23947151,1,1,1,10.47894302,1.1,1.1,1.1
March,1,10.24112304,1,1,1,10.48224608,1.1,1.1,1.1
April,1,10.24277457,1,1,1,10.48554913,1.1,1.1,1.1
May,1,10.24442609,1,1,1,10.48885219,1.1,1.1,1.1
June,1,10.24607762,1,1,1,10.49215524,1.1,1.1,1.1
July,1,10.24772915,1,1,1,10.4954583,1.1,1.1,1.1
August,1,10.24938068,1,1,1,10.49876135,1.1,1.1,1.1
September,1,10.2510322,1,1,1,10.50206441,1.1,1.1,1.1
October,1,10.25268373,1,1,1,10.50536746,1.1,1.1,1.1
November,1,10.25433526,1,1,1,10.50867052,1.1,1.1,1.1
December,1,10.25598679,1,1,1,10.51197358,1.1,1.1,1.1
2013,1,10.25763832,1,1,1,10.51527663,1.1,1.1,1.1
February,1,10.25928984,1,1,1,10.51857969,1.1,1.1,1.1
March,1,10.26094137,1,1,1,10.52188274,1.1,1.1,1.1
April,1,10.2625929,1,1,1,10.5251858,1.1,1.1,1.1
May,1,10.26424443,1,1,1,10.52848885,1.1,1.1,1.1
June,1,10.26589595,1,1,1,10.53179191,1.1,1.1,1.1
July,1,10.26754748,1,1,1,10.53509496,1.1,1.1,1.1
August,1,10.26919901,1,1,1,10.53839802,1.1,1.1,1.1
September,1,10.27085054,1,1,1,10.54170107,1.1,1.1,1.1
October,1,10.27250206,1,1,1,10.54500413,1.1,1.1,1.1
November,1,10.27415359,1,1,1,10.54830718,1.1,1.1,1.1
December,1,10.27580512,1,1,1,10.55161024,1.1,1.1,1.1
2014,1,10.27745665,1,1,1,10.55491329,1.1,1.1,1.1
February,1,10.27910818,1,1,1,10.55821635,1.1,1.1,1.1
March,1,10.2807597,1,1,1,10.56151941,1.1,1.1,1.1
April,1,10.28241123,1,1,1,10.56482246,1.1,1.1,1.1
May,1,10.28406276,1,1,1,10.56812552,1.1,1.1,1.1
June,1,10.28571429,1,1,1,10.57142857,1.1,1.1,1.1
July,1,10.28736581,1,1,1,10.57473163,1.1,1.1,1.1
August,1,10.28901734,1,1,1,10.57803468,1.1,1.1,1.1
September,1,10.29066887,1,1,1,10.58133774,1.1,1.1,1.1
October,1,10.2923204,1,1,1,10.58464079,1.1,1.1,1.1
November,1,10.29397192,1,1,1,10.58794385,1.1,1.1,1.1
December,1,10.29562345,1,1,1,10.5912469,1.1,1.1,1.1
2015,1,10.29727498,1,1,1,10.59454996,1.1,1.1,1.1
February,1,10.29892651,1,1,1,10.59785301,1.1,1.1,1.1
March,1,10.30057803,1,1,1,10.60115607,1.1,1.1,1.1
April,1,10.30222956,1,1,1,10.60445912,1.1,1.1,1.1
May,1,10.30388109,1,1,1,10.60776218,1.1,1.1,1.1
June,1,10.30553262,1,1,1,10.61106524,1.1,1.1,1.1
July,1,10.30718415,1,1,1,10.61436829,1.1,1.1,1.1
August,1,10.30883567,1,1,1,10.61767135,1.1,1.1,1.1
September,1,10.3104872,1,1,1,10.6209744,1.1,1.1,1.1
October,1,10.31213873,1,1,1,10.62427746,1.1,1.1,1.1
November,1,10.31379026,1,1,1,10.62758051,1.1,1.1,1.1
December,1,10.31544178,1,1,1,10.63088357,1.1,1.1,1.1
2016,1,10.31709331,1,1,1,10.63418662,1.1,1.1,1.1
February,1,10.31874484,1,1,1,10.63748968,1.1,1.1,1.1
March,1,10.32039637,1,1,1,10.64079273,1.1,1.1,1.1
April,1,10.32204789,1,1,1,10.64409579,1.1,1.1,1.1
May,1,10.32369942,1,1,1,10.64739884,1.1,1.1,1.1
June,1,10.32535095,1,1,1,10.6507019,1.1,1.1,1.1
July,1,10.32700248,1,1,1,10.65400495,1.1,1.1,1.1
August,1,10.328654,1,1,1,10.65730801,1.1,1.1,1.1
September,1,10.33030553,1,1,1,10.66061107,1.1,1.1,1.1
October,1,10.33195706,1,1,1,10.66391412,1.1,1.1,1.1
November,1,10.33360859,1,1,1,10.66721718,1.1,1.1,1.1
December,1,10.33526012,1,1,1,10.67052023,1.1,1.1,1.1
2017,1,10.33691164,1,1,1,10.67382329,1.1,1.1,1.1
February,1,10.33856317,1,1,1,10.67712634,1.1,1.1,1.1
March,1,10.3402147,1,1,1,10.6804294,1.1,1.1,1.1
April,1,10.34186623,1,1,1,10.68373245,1.1,1.1,1.1
May,1,10.34351775,1,1,1,10.68703551,1.1,1.1,1.1
June,1,10.34516928,1,1,1,10.69033856,1.1,1.1,1.1
July,1,10.34682081,1,1,1,10.69364162,1.1,1.1,1.1
August,1,10.34847234,1,1,1,10.69694467,1.1,1.1,1.1
September,1,10.35012386,1,1,1,10.70024773,1.1,1.1,1.1
October,1,10.35177539,1,1,1,10.70355078,1.1,1.1,1.1
November,1,10.35342692,1,1,1,10.70685384,1.1,1.1,1.1
December,1,10.35507845,1,1,1,10.7101569,1.1,1.1,1.1
2018,1,10.35672998,1,1,1,10.71345995,1.1,1.1,1.1
February,1,10.3583815,1,1,1,10.71676301,1.1,1.1,1.1
March,1,10.36003303,1,1,1,10.72006606,1.1,1.1,1.1
April,1,10.36168456,1,1,1,10.72336912,1.1,1.1,1.1
May,1,10.36333609,1,1,1,10.72667217,1.1,1.1,1.1
June,1,10.36498761,1,1,1,10.72997523,1.1,1.1,1.1
July,1,10.36663914,1,1,1,10.73327828,1.1,1.1,1.1
August,1,10.36829067,1,1,1,10.73658134,1.1,1.1,1.1
September,1,10.3699422,1,1,1,10.73988439,1.1,1.1,1.1
October,1,10.37159372,1,1,1,10.74318745,1.1,1.1,1.1
November,1,10.37324525,1,1,1,10.7464905,1.1,1.1,1.1
December,1,10.37489678,1,1,1,10.74979356,1.1,1.1,1.1
2019,1,10.37654831,1,1,1,10.75309661,1.1,1.1,1.1
February,1,10.37819983,1,1,1,10.75639967,1.1,1.1,1.1
March,1,10.37985136,1,1,1,10.75970273,1.1,1.1,1.1
April,1,10.38150289,1,1,1,10.76300578,1.1,1.1,1.1
May,1,10.38315442,1,1,1,10.76630884,1.1,1.1,1.1
June,1,10.38480595,1,1,1,10.76961189,1.1,1.1,1.1
July,1,10.38645747,1,1,1,10.77291495,1.1,1.1,1.1
August,1,10.388109,1,1,1,10.776218,1.1,1.1,1.1
September,1,10.38976053,1,1,1,10.77952106,1.1,1.1,1.1
October,1,10.39141206,1,1,1,10.78282411,1.1,1.1,1.1
November,1,10.39306358,1,1,1,10.78612717,1.1,1.1,1.1
December,1,10.39471511,1,1,1,10.78943022,1.1,1.1,1.1
2020,1,10.39636664,1,1,1,10.79273328,1.1,1.1,1.1
February,1,10.39801817,1,1,1,10.79603633,1.1,1.1,1.1
March,1,10.39966969,1,1,1,10.79933939,1.1,1.1,1.1
April,1,10.40132122,1,1,1,10.80264244,1.1,1.1,1.1
May,1,10.40297275,1,1,1,10.8059455,1.1,1.1,1.1
June,1,10.40462428,1,1,1,10.80924855,1.1,1.1,1.1
July,1,10.40627581,1,1,1,10.81255161,1.1,1.1,1.1
August,1,10.40792733,1,1,1,10.81585467,1.1,1.1,1.1
September,1,10.40957886,1,1,1,10.81915772,1.1,1.1,1.1
October,1,10.41123039,1,1,1,10.82246078,1.1,1.1,1.1
November,1,10.41288192,1,1,1,10.82576383,1.1,1.1,1.1
December,1,10.41453344,1,1,1,10.82906689,1.1,1.1,1.1
2021,1,10.41618497,1,1,1,10.83236994,1.1,1.1,1.1
February,1,10.4178365,1,1,1,10.835673,1.1,1.1,1.1
March,1,10.41948803,1,1,1,10.83897605,1.1,1.1,1.1
April,1,10.42113955,1,1,1,10.84227911,1.1,1.1,1.1
May,1,10.42279108,1,1,1,10.84558216,1.1,1.1,1.1
June,1,10.42444261,1,1,1,10.84888522,1.1,1.1,1.1
July,1,10.42609414,1,1,1,10.85218827,1.1,1.1,1.1
August,1,10.42774566,1,1,1,10.85549133,1.1,1.1,1.1
September,1,10.42939719,1,1,1,10.85879438,1.1,1.1,1.1
October,1,10.43104872,1,1,1,10.86209744,1.1,1.1,1.1
November,1,10.43270025,1,1,1,10.8654005,1.1,1.1,1.1
December,1,10.43435178,1,1,1,10.86870355,1.1,1.1,1.1
2022,1,10.4360033,1,1,1,10.87200661,1.1,1.1,1.1
February,1,10.43765483,1,1,1,10.87530966,1.1,1.1,1.1
March,1,10.43930636,1,1,1,10.87861272,1.1,1.1,1.1
April,1,10.44095789,1,1,1,10.88191577,1.1,1.1,1.1
May,1,10.44260941,1,1,1,10.88521883,1.1,1.1,1.1
June,1,10.44426094,1,1,1,10.88852188,1.1,1.1,1.1
July,1,10.44591247,1,1,1,10.89182494,1.1,1.1,1.1
August,1,10.447564,1,1,1,10.89512799,1.1,1.1,1.1
September,1,10.44921552,1,1,1,10.89843105,1.1,1.1,1.1
October,1,10.45086705,1,1,1,10.9017341,1.1,1.1,1.1
November,1,10.45251858,1,1,1,10.90503716,1.1,1.1,1.1
December,1,10.45417011,1,1,1,10.90834021,1.1,1.1,1.1
2023,1,10.45582164,1,1,1,10.91164327,1.1,1.1,1.1
February,1,10.45747316,1,1,1,10.91494633,1.1,1.1,1.1
March,1,10.45912469,1,1,1,10.91824938,1.1,1.1,1.1
April,1,10.46077622,1,1,1,10.92155244,1.1,1.1,1.1
May,1,10.46242775,1,1,1,10.92485549,1.1,1.1,1.1
June,1,10.46407927,1,1,1,10.92815855,1.1,1.1,1.1
July,1,10.4657308,1,1,1,10.9314616,1.1,1.1,1.1
August,1,10.46738233,1,1,1,10.93476466,1.1,1.1,1.1
September,1,10.46903386,1,1,1,10.93806771,1.1,1.1,1.1
October,1,10.47068538,1,1,1,10.94137077,1.1,1.1,1.1
November,1,10.47233691,1,1,1,10.94467382,1.1,1.1,1.1
December,1,10.47398844,1,1,1,10.94797688,1.1,1.1,1.1
2024,1,10.47563997,1,1,1,10.95127993,1.1,1.1,1.1
February,1,10.47729149,1,1,1,10.95458299,1.1,1.1,1.1
March,1,10.47894302,1,1,1,10.95788604,1.1,1.1,1.1
April,1,10.48059455,1,1,1,10.9611891,1.1,1.1,1.1
May,1,10.48224608,1,1,1,10.96449216,1.1,1.1,1.1
June,1,10.48389761,1,1,1,10.96779521,1.1,1.1,1.1
July,1,10.48554913,1,1,1,10.97109827,1.1,1.1,1.1
August,1,10.48720066,1,1,1,10.97440132,1.1,1.1,1.1
September,1,10.48885219,1,1,1,10.97770438,1.1,1.1,1.1
October,1,10.49050372,1,1,1,10.98100743,1.1,1.1,1.1
November,1,10.49215524,1,1,1,10.98431049,1.1,1.1,1.1
December,1,10.49380677,1,1,1,10.98761354,1.1,1.1,1.1
2025,1,10.4954583,1,1,1,10.9909166,1.1,1.1,1.1
February,1,10.49710983,1,1,1,10.99421965,1.1,1.1,1.1
March,1,10.49876135,1,1,1,10.99752271,1.1,1.1,1.1
April,1,10.50041288,1,1,1,11.00082576,1.1,1.1,1.1
May,1,10.50206441,1,1,1,11.00412882,1.1,1.1,1.1
June,1,10.50371594,1,1,1,11.00743187,1.1,1.1,1.1
July,1,10.50536746,1,1,1,11.01073493,1.1,1.1,1.1
August,1,10.50701899,1,1,1,11.01403799,1.1,1.1,1.1
September,1,10.50867052,1,1,1,11.01734104,1.1,1.1,1.1
October,1,10.51032205,1,1,1,11.0206441,1.1,1.1,1.1
November,1,10.51197358,1,1,1,11.02394715,1.1,1.1,1.1
December,1,10.5136251,1,1,1,11.02725021,1.1,1.1,1.1
2026,1,10.51527663,1,1,1,11.03055326,1.1,1.1,1.1
February,1,10.51692816,1,1,1,11.03385632,1.1,1.1,1.1
March,1,10.51857969,1,1,1,11.03715937,1.1,1.1,1.1
April,1,10.52023121,1,1,1,11.04046243,1.1,1.1,1.1
May,1,10.52188274,1,1,1,11.04376548,1.1,1.1,1.1
June,1,10.52353427,1,1,1,11.04706854,1.1,1.1,1.1
July,1,10.5251858,1,1,1,11.05037159,1.1,1.1,1.1
August,1,10.52683732,1,1,1,11.05367465,1.1,1.1,1.1
September,1,10.52848885,1,1,1,11.0569777,1.1,1.1,1.1
October,1,10.53014038,1,1,1,11.06028076,1.1,1.1,1.1
November,1,10.53179191,1,1,1,11.06358382,1.1,1.1,1.1
December,1,10.53344344,1,1,1,11.06688687,1.1,1.1,1.1
2027,1,10.53509496,1,1,1,11.07018993,1.1,1.1,1.1
February,1,10.53674649,1,1,1,11.07349298,1.1,1.1,1.1
March,1,10.53839802,1,1,1,11.07679604,1.1,1.1,1.1
April,1,10.54004955,1,1,1,11.08009909,1.1,1.1,1.1
May,1,10.54170107,1,1,1,11.08340215,1.1,1.1,1.1
June,1,10.5433526,1,1,1,11.0867052,1.1,1.1,1.1
July,1,10.54500413,1,1,1,11.09000826,1.1,1.1,1.1
August,1,10.54665566,1,1,1,11.09331131,1.1,1.1,1.1
September,1,10.54830718,1,1,1,11.09661437,1.1,1.1,1.1
October,1,10.54995871,1,1,1,11.09991742,1.1,1.1,1.1
November,1,10.55161024,1,1,1,11.10322048,1.1,1.1,1.1
December,1,10.55326177,1,1,1,11.10652353,1.1,1.1,1.1
2028,1,10.55491329,1,1,1,11.10982659,1.1,1.1,1.1
February,1,10.55656482,1,1,1,11.11312964,1.1,1.1,1.1
March,1,10.55821635,1,1,1,11.1164327,1.1,1.1,1.1
April,1,10.55986788,1,1,1,11.11973576,1.1,1.1,1.1
May,1,10.56151941,1,1,1,11.12303881,1.1,1.1,1.1
June,1,10.56317093,1,1,1,11.12634187,1.1,1.1,1.1
July,1,10.56482246,1,1,1,11.12964492,1.1,1.1,1.1
August,1,10.56647399,1,1,1,11.13294798,1.1,1.1,1.1
September,1,10.56812552,1,1,1,11.13625103,1.1,1.1,1.1
October,1,10.56977704,1,1,1,11.13955409,1.1,1.1,1.1
November,1,10.57142857,1,1,1,11.14285714,1.1,1.1,1.1
December,1,10.5730801,1,1,1,11.1461602,1.1,1.1,1.1
2029,1,10.57473163,1,1,1,11.14946325,1.1,1.1,1.1
February,1,10.57638315,1,1,1,11.15276631,1.1,1.1,1.1
March,1,10.57803468,1,1,1,11.15606936,1.1,1.1,1.1
April,1,10.57968621,1,1,1,11.15937242,1.1,1.1,1.1
May,1,10.58133774,1,1,1,11.16267547,1.1,1.1,1.1
June,1,10.58298927,1,1,1,11.16597853,1.1,1.1,1.1
July,1,10.58464079,1,1,1,11.16928159,1.1,1.1,1.1
August,1,10.58629232,1,1,1,11.17258464,1.1,1.1,1.1
September,1,10.58794385,1,1,1,11.1758877,1.1,1.1,1.1
October,1,10.58959538,1,1,1,11.17919075,1.1,1.1,1.1
November,1,10.5912469,1,1,1,11.18249381,1.1,1.1,1.1
December,1,10.59289843,1,1,1,11.18579686,1.1,1.1,1.1
2030,1,10.59454996,1,1,1,11.18909992,1.1,1.1,1.1
February,1,10.59620149,1,1,1,11.19240297,1.1,1.1,1.1
March,1,10.59785301,1,1,1,11.19570603,1.1,1.1,1.1
April,1,10.59950454,1,1,1,11.19900908,1.1,1.1,1.1
May,1,10.60115607,1,1,1,11.20231214,1.1,1.1,1.1
June,1,10.6028076,1,1,1,11.20561519,1.1,1.1,1.1
July,1,10.60445912,1,1,1,11.20891825,1.1,1.1,1.1
August,1,10.60611065,1,1,1,11.2122213,1.1,1.1,1.1
September,1,10.60776218,1,1,1,11.21552436,1.1,1.1,1.1
October,1,10.60941371,1,1,1,11.21882742,1.1,1.1,1.1
November,1,10.61106524,1,1,1,11.22213047,1.1,1.1,1.1
December,1,10.61271676,1,1,1,11.22543353,1.1,1.1,1.1
2031,1,10.61436829,1,1,1,11.22873658,1.1,1.1,1.1
February,1,10.61601982,1,1,1,11.23203964,1.1,1.1,1.1
March,1,10.61767135,1,1,1,11.23534269,1.1,1.1,1.1
April,1,10.61932287,1,1,1,11.23864575,1.1,1.1,1.1
May,1,10.6209744,1,1,1,11.2419488,1.1,1.1,1.1
June,1,10.62262593,1,1,1,11.24525186,1.1,1.1,1.1
July,1,10.62427746,1,1,1,11.24855491,1.1,1.1,1.1
August,1,10.62592898,1,1,1,11.25185797,1.1,1.1,1.1
September,1,10.62758051,1,1,1,11.25516102,1.1,1.1,1.1
October,1,10.62923204,1,1,1,11.25846408,1.1,1.1,1.1
November,1,10.63088357,1,1,1,11.26176713,1.1,1.1,1.1
December,1,10.63253509,1,1,1,11.26507019,1.1,1.1,1.1
2032,1,10.63418662,1,1,1,11.26837325,1.1,1.1,1.1
February,1,10.63583815,1,1,1,11.2716763,1.1,1.1,1.1
March,1,10.63748968,1,1,1,11.27497936,1.1,1.1,1.1
April,1,10.63914121,1,1,1,11.27828241,1.1,1.1,1.1
May,1,10.64079273,1,1,1,11.28158547,1.1,1.1,1.1
June,1,10.64244426,1,1,1,11.28488852,1.1,1.1,1.1
July,1,10.64409579,1,1,1,11.28819158,1.1,1.1,1.1
August,1,10.64574732,1,1,1,11.29149463,1.1,1.1,1.1
September,1,10.64739884,1,1,1,11.29479769,1.1,1.1,1.1
October,1,10.64905037,1,1,1,11.29810074,1.1,1.1,1.1
November,1,10.6507019,1,1,1,11.3014038,1.1,1.1,1.1
December,1,10.65235343,1,1,1,11.30470685,1.1,1.1,1.1
2033,1,10.65400495,1,1,1,11.30800991,1.1,1.1,1.1
February,1,10.65565648,1,1,1,11.31131296,1.1,1.1,1.1
March,1,10.65730801,1,1,1,11.31461602,1.1,1.1,1.1
April,1,10.65895954,1,1,1,11.31791908,1.1,1.1,1.1
May,1,10.66061107,1,1,1,11.32122213,1.1,1.1,1.1
June,1,10.66226259,1,1,1,11.32452519,1.1,1.1,1.1
July,1,10.66391412,1,1,1,11.32782824,1.1,1.1,1.1
August,1,10.66556565,1,1,1,11.3311313,1.1,1.1,1.1
September,1,10.66721718,1,1,1,11.33443435,1.1,1.1,1.1
October,1,10.6688687,1,1,1,11.33773741,1.1,1.1,1.1
November,1,10.67052023,1,1,1,11.34104046,1.1,1.1,1.1
December,1,10.67217176,1,1,1,11.34434352,1.1,1.1,1.1
2034,1,10.67382329,1,1,1,11.34764657,1.1,1.1,1.1
February,1,10.67547481,1,1,1,11.35094963,1.1,1.1,1.1
March,1,10.67712634,1,1,1,11.35425268,1.1,1.1,1.1
April,1,10.67877787,1,1,1,11.35755574,1.1,1.1,1.1
May,1,10.6804294,1,1,1,11.36085879,1.1,1.1,1.1
June,1,10.68208092,1,1,1,11.36416185,1.1,1.1,1.1
July,1,10.68373245,1,1,1,11.36746491,1.1,1.1,1.1
August,1,10.68538398,1,1,1,11.37076796,1.1,1.1,1.1
September,1,10.68703551,1,1,1,11.37407102,1.1,1.1,1.1
October,1,10.68868704,1,1,1,11.37737407,1.1,1.1,1.1
November,1,10.69033856,1,1,1,11.38067713,1.1,1.1,1.1
December,1,10.69199009,1,1,1,11.38398018,1.1,1.1,1.1
2035,1,10.69364162,1,1.001268,1.000915,11.38728324,1.1,1.101395,1.1010065
February,1,10.69529315,1,1.001268,1.000915,11.39058629,1.1,1.101395,1.1010065
March,1,10.69694467,1,1.001268,1.000915,11.39388935,1.1,1.101395,1.1010065
April,1,10.6985962,1,1.001268,1.000915,11.3971924,1.1,1.101395,1.1010065
May,1,10.70024773,1,1.001268,1.000915,11.40049546,1.1,1.101395,1.1010065
June,1,10.70189926,1,1.001268,1.000915,11.40379851,1.1,1.101395,1.1010065
July,1,10.70355078,1,1.001268,1.000915,11.40710157,1.1,1.101395,1.1010065
August,1,10.70520231,1,1.001268,1.000915,11.41040462,1.1,1.101395,1.1010065
September,1,10.70685384,1,1.001268,1.000915,11.41370768,1.1,1.101395,1.1010065
October,1,10.70850537,1,1.001268,1.000915,11.41701073,1.1,1.101395,1.1010065
November,1,10.7101569,1,1.001268,1.000915,11.42031379,1.1,1.101395,1.1010065
December,1,10.71180842,1,1.001268,1.000915,11.42361685,1.1,1.101395,1.1010065
2036,1,10.71345995,1,0.9956185,0.9999629,11.4269199,1.1,1.09518,1.09995919
February,1,10.71511148,1,0.9956185,0.9999629,11.43022296,1.1,1.09518,1.09995919
March,1,10.71676301,1,0.9956185,0.9999629,11.43352601,1.1,1.09518,1.09995919
April,1,10.71841453,1,0.9956185,0.9999629,11.43682907,1.1,1.09518,1.09995919
May,1,10.72006606,1,0.9956185,0.9999629,11.44013212,1.1,1.09518,1.09995919
June,1,10.72171759,1,0.9956185,0.9999629,11.44343518,1.1,1.09518,1.09995919
July,1,10.72336912,1,0.9956185,0.9999629,11.44673823,1.1,1.09518,1.09995919
August,1,10.72502064,1,0.9956185,0.9999629,11.45004129,1.1,1.09518,1.09995919
September,1,10.72667217,1,0.9956185,0.9999629,11.45334434,1.1,1.09518,1.09995919
October,1,10.7283237,1,0.9956185,0.9999629,11.4566474,1.1,1.09518,1.09995919
November,1,10.72997523,1,0.9956185,0.9999629,11.45995045,1.1,1.09518,1.09995919
December,1,10.73162675,1,0.9956185,0.9999629,11.46325351,1.1,1.09518,1.09995919
2037,1,10.73327828,1,0.9885278,0.9998119,11.46655656,1.1,1.087381,1.09979309
February,1,10.73492981,1,0.9885278,0.9998119,11.46985962,1.1,1.087381,1.09979309
March,1,10.73658134,1,0.9885278,0.9998119,11.47316268,1.1,1.087381,1.09979309
April,1,10.73823287,1,0.9885278,0.9998119,11.47646573,1.1,1.087381,1.09979309
May,1,10.73988439,1,0.9885278,0.9998119,11.47976879,1.1,1.087381,1.09979309
June,1,10.74153592,1,0.9885278,0.9998119,11.48307184,1.1,1.087381,1.09979309
July,1,10.74318745,1,0.9885278,0.9998119,11.4863749,1.1,1.087381,1.09979309
August,1,10.74483898,1,0.9885278,0.9998119,11.48967795,1.1,1.087381,1.09979309
September,1,10.7464905,1,0.9885278,0.9998119,11.49298101,1.1,1.087381,1.09979309
October,1,10.74814203,1,0.9885278,0.9998119,11.49628406,1.1,1.087381,1.09979309
November,1,10.74979356,1,0.9885278,0.9998119,11.49958712,1.1,1.087381,1.09979309
December,1,10.75144509,1,0.9885278,0.9998119,11.50289017,1.1,1.087381,1.09979309
2038,1,10.75309661,1,0.9862478,0.9995108,11.50619323,1.1,1.084873,1.09946188
February,1,10.75474814,1,0.9862478,0.9995108,11.50949628,1.1,1.084873,1.09946188
March,1,10.75639967,1,0.9862478,0.9995108,11.51279934,1.1,1.084873,1.09946188
April,1,10.7580512,1,0.9862478,0.9995108,11.51610239,1.1,1.084873,1.09946188
May,1,10.75970273,1,0.9862478,0.9995108,11.51940545,1.1,1.084873,1.09946188
June,1,10.76135425,1,0.9862478,0.9995108,11.52270851,1.1,1.084873,1.09946188
July,1,10.76300578,1,0.9862478,0.9995108,11.52601156,1.1,1.084873,1.09946188
August,1,10.76465731,1,0.9862478,0.9995108,11.52931462,1.1,1.084873,1.09946188
September,1,10.76630884,1,0.9862478,0.9995108,11.53261767,1.1,1.084873,1.09946188
October,1,10.76796036,1,0.9862478,0.9995108,11.53592073,1.1,1.084873,1.09946188
November,1,10.76961189,1,0.9862478,0.9995108,11.53922378,1.1,1.084873,1.09946188
December,1,10.77126342,1,0.9862478,0.9995108,11.54252684,1.1,1.084873,1.09946188
2039,1,10.77291495,1,0.9946106,0.999477,11.54582989,1.1,1.094072,1.0994247
February,1,10.77456647,1,0.9946106,0.999477,11.54913295,1.1,1.094072,1.0994247
March,1,10.776218,1,0.9946106,0.999477,11.552436,1.1,1.094072,1.0994247
April,1,10.77786953,1,0.9946106,0.999477,11.55573906,1.1,1.094072,1.0994247
May,1,10.77952106,1,0.9946106,0.999477,11.55904211,1.1,1.094072,1.0994247
June,1,10.78117258,1,0.9946106,0.999477,11.56234517,1.1,1.094072,1.0994247
July,1,10.78282411,1,0.9946106,0.999477,11.56564822,1.1,1.094072,1.0994247
August,1,10.78447564,1,0.9946106,0.999477,11.56895128,1.1,1.094072,1.0994247
September,1,10.78612717,1,0.9946106,0.999477,11.57225434,1.1,1.094072,1.0994247
October,1,10.7877787,1,0.9946106,0.999477,11.57555739,1.1,1.094072,1.0994247
November,1,10.78943022,1,0.9946106,0.999477,11.57886045,1.1,1.094072,1.0994247
December,1,10.79108175,1,0.9946106,0.999477,11.5821635,1.1,1.094072,1.0994247
2040,1,10.79273328,1,1.002288,0.9992968,11.58546656,1.1,1.102517,1.09922648
February,1,10.79438481,1,1.002288,0.9992968,11.58876961,1.1,1.102517,1.09922648
March,1,10.79603633,1,1.002288,0.9992968,11.59207267,1.1,1.102517,1.09922648
April,1,10.79768786,1,1.002288,0.9992968,11.59537572,1.1,1.102517,1.09922648
May,1,10.79933939,1,1.002288,0.9992968,11.59867878,1.1,1.102517,1.09922648
June,1,10.80099092,1,1.002288,0.9992968,11.60198183,1.1,1.102517,1.09922648
July,1,10.80264244,1,1.002288,0.9992968,11.60528489,1.1,1.102517,1.09922648
August,1,10.80429397,1,1.002288,0.9992968,11.60858794,1.1,1.102517,1.09922648
September,1,10.8059455,1,1.002288,0.9992968,11.611891,1.1,1.102517,1.09922648
October,1,10.80759703,1,1.002288,0.9992968,11.61519405,1.1,1.102517,1.09922648
November,1,10.80924855,1,1.002288,0.9992968,11.61849711,1.1,1.102517,1.09922648
December,1,10.81090008,1,1.002288,0.9992968,11.62180017,1.1,1.102517,1.09922648
2041,1,10.81255161,1,0.99134,0.9978715,11.62510322,1.1,1.090474,1.09765865
February,1,10.81420314,1,0.99134,0.9978715,11.62840628,1.1,1.090474,1.09765865
March,1,10.81585467,1,0.99134,0.9978715,11.63170933,1.1,1.090474,1.09765865
April,1,10.81750619,1,0.99134,0.9978715,11.63501239,1.1,1.090474,1.09765865
May,1,10.81915772,1,0.99134,0.9978715,11.63831544,1.1,1.090474,1.09765865
June,1,10.82080925,1,0.99134,0.9978715,11.6416185,1.1,1.090474,1.09765865
July,1,10.82246078,1,0.99134,0.9978715,11.64492155,1.1,1.090474,1.09765865
August,1,10.8241123,1,0.99134,0.9978715,11.64822461,1.1,1.090474,1.09765865
September,1,10.82576383,1,0.99134,0.9978715,11.65152766,1.1,1.090474,1.09765865
October,1,10.82741536,1,0.99134,0.9978715,11.65483072,1.1,1.090474,1.09765865
November,1,10.82906689,1,0.99134,0.9978715,11.65813377,1.1,1.090474,1.09765865
December,1,10.83071841,1,0.99134,0.9978715,11.66143683,1.1,1.090474,1.09765865
2042,1,10.83236994,1,1.000668,0.9980163,11.66473988,1.1,1.100735,1.09781793
February,1,10.83402147,1,1.000668,0.9980163,11.66804294,1.1,1.100735,1.09781793
March,1,10.835673,1,1.000668,0.9980163,11.671346,1.1,1.100735,1.09781793
April,1,10.83732453,1,1.000668,0.9980163,11.67464905,1.1,1.100735,1.09781793
May,1,10.83897605,1,1.000668,0.9980163,11.67795211,1.1,1.100735,1.09781793
June,1,10.84062758,1,1.000668,0.9980163,11.68125516,1.1,1.100735,1.09781793
July,1,10.84227911,1,1.000668,0.9980163,11.68455822,1.1,1.100735,1.09781793
August,1,10.84393064,1,1.000668,0.9980163,11.68786127,1.1,1.100735,1.09781793
September,1,10.84558216,1,1.000668,0.9980163,11.69116433,1.1,1.100735,1.09781793
October,1,10.84723369,1,1.000668,0.9980163,11.69446738,1.1,1.100735,1.09781793
November,1,10.84888522,1,1.000668,0.9980163,11.69777044,1.1,1.100735,1.09781793
December,1,10.85053675,1,1.000668,0.9980163,11.70107349,1.1,1.100735,1.09781793
2043,1,10.85218827,1,1.006168,0.9982304,11.70437655,1.1,1.106785,1.09805344
February,1,10.8538398,1,1.006168,0.9982304,11.7076796,1.1,1.106785,1.09805344
March,1,10.85549133,1,1.006168,0.9982304,11.71098266,1.1,1.106785,1.09805344
April,1,10.85714286,1,1.006168,0.9982304,11.71428571,1.1,1.106785,1.09805344
May,1,10.85879438,1,1.006168,0.9982304,11.71758877,1.1,1.106785,1.09805344
June,1,10.86044591,1,1.006168,0.9982304,11.72089182,1.1,1.106785,1.09805344
July,1,10.86209744,1,1.006168,0.9982304,11.72419488,1.1,1.106785,1.09805344
August,1,10.86374897,1,1.006168,0.9982304,11.72749794,1.1,1.106785,1.09805344
September,1,10.8654005,1,1.006168,0.9982304,11.73080099,1.1,1.106785,1.09805344
October,1,10.86705202,1,1.006168,0.9982304,11.73410405,1.1,1.106785,1.09805344
November,1,10.86870355,1,1.006168,0.9982304,11.7374071,1.1,1.106785,1.09805344
December,1,10.87035508,1,1.006168,0.9982304,11.74071016,1.1,1.106785,1.09805344
2044,1,10.87200661,1,0.9862932,0.9978133,11.74401321,1.1,1.084923,1.09759463
February,1,10.87365813,1,0.9862932,0.9978133,11.74731627,1.1,1.084923,1.09759463
March,1,10.87530966,1,0.9862932,0.9978133,11.75061932,1.1,1.084923,1.09759463
April,1,10.87696119,1,0.9862932,0.9978133,11.75392238,1.1,1.084923,1.09759463
May,1,10.87861272,1,0.9862932,0.9978133,11.75722543,1.1,1.084923,1.09759463
June,1,10.88026424,1,0.9862932,0.9978133,11.76052849,1.1,1.084923,1.09759463
July,1,10.88191577,1,0.9862932,0.9978133,11.76383154,1.1,1.084923,1.09759463
August,1,10.8835673,1,0.9862932,0.9978133,11.7671346,1.1,1.084923,1.09759463
September,1,10.88521883,1,0.9862932,0.9978133,11.77043765,1.1,1.084923,1.09759463
October,1,10.88687036,1,0.9862932,0.9978133,11.77374071,1.1,1.084923,1.09759463
November,1,10.88852188,1,0.9862932,0.9978133,11.77704377,1.1,1.084923,1.09759463
December,1,10.89017341,1,0.9862932,0.9978133,11.78034682,1.1,1.084923,1.09759463
2045,1,10.89182494,1,0.9951351,0.9976936,11.78364988,1.1,1.094649,1.09746296
February,1,10.89347647,1,0.9951351,0.9976936,11.78695293,1.1,1.094649,1.09746296
March,1,10.89512799,1,0.9951351,0.9976936,11.79025599,1.1,1.094649,1.09746296
April,1,10.89677952,1,0.9951351,0.9976936,11.79355904,1.1,1.094649,1.09746296
May,1,10.89843105,1,0.9951351,0.9976936,11.7968621,1.1,1.094649,1.09746296
June,1,10.90008258,1,0.9951351,0.9976936,11.80016515,1.1,1.094649,1.09746296
July,1,10.9017341,1,0.9951351,0.9976936,11.80346821,1.1,1.094649,1.09746296
August,1,10.90338563,1,0.9951351,0.9976936,11.80677126,1.1,1.094649,1.09746296
September,1,10.90503716,1,0.9951351,0.9976936,11.81007432,1.1,1.094649,1.09746296
October,1,10.90668869,1,0.9951351,0.9976936,11.81337737,1.1,1.094649,1.09746296
November,1,10.90834021,1,0.9951351,0.9976936,11.81668043,1.1,1.094649,1.09746296
December,1,10.90999174,1,0.9951351,0.9976936,11.81998348,1.1,1.094649,1.09746296
2046,1,10.91164327,1,0.9970011,0.9970329,11.82328654,1.1,1.096701,1.09673619
February,1,10.9132948,1,0.9970011,0.9970329,11.8265896,1.1,1.096701,1.09673619
March,1,10.91494633,1,0.9970011,0.9970329,11.82989265,1.1,1.096701,1.09673619
April,1,10.91659785,1,0.9970011,0.9970329,11.83319571,1.1,1.096701,1.09673619
May,1,10.91824938,1,0.9970011,0.9970329,11.83649876,1.1,1.096701,1.09673619
June,1,10.91990091,1,0.9970011,0.9970329,11.83980182,1.1,1.096701,1.09673619
July,1,10.92155244,1,0.9970011,0.9970329,11.84310487,1.1,1.096701,1.09673619
August,1,10.92320396,1,0.9970011,0.9970329,11.84640793,1.1,1.096701,1.09673619
September,1,10.92485549,1,0.9970011,0.9970329,11.84971098,1.1,1.096701,1.09673619
October,1,10.92650702,1,0.9970011,0.9970329,11.85301404,1.1,1.096701,1.09673619
November,1,10.92815855,1,0.9970011,0.9970329,11.85631709,1.1,1.096701,1.09673619
December,1,10.92981007,1,0.9970011,0.9970329,11.85962015,1.1,1.096701,1.09673619
2047,1,10.9314616,1,0.9896874,0.9966531,11.8629232,1.1,1.088656,1.09631841
February,1,10.93311313,1,0.9896874,0.9966531,11.86622626,1.1,1.088656,1.09631841
March,1,10.93476466,1,0.9896874,0.9966531,11.86952931,1.1,1.088656,1.09631841
April,1,10.93641618,1,0.9896874,0.9966531,11.87283237,1.1,1.088656,1.09631841
May,1,10.93806771,1,0.9896874,0.9966531,11.87613543,1.1,1.088656,1.09631841
June,1,10.93971924,1,0.9896874,0.9966531,11.87943848,1.1,1.088656,1.09631841
July,1,10.94137077,1,0.9896874,0.9966531,11.88274154,1.1,1.088656,1.09631841
August,1,10.9430223,1,0.9896874,0.9966531,11.88604459,1.1,1.088656,1.09631841
September,1,10.94467382,1,0.9896874,0.9966531,11.88934765,1.1,1.088656,1.09631841
October,1,10.94632535,1,0.9896874,0.9966531,11.8926507,1.1,1.088656,1.09631841
November,1,10.94797688,1,0.9896874,0.9966531,11.89595376,1.1,1.088656,1.09631841
December,1,10.94962841,1,0.9896874,0.9966531,11.89925681,1.1,1.088656,1.09631841
2048,1,10.95127993,1,0.9862692,0.9964833,11.90255987,1.1,1.084896,1.09613163
February,1,10.95293146,1,0.9862692,0.9964833,11.90586292,1.1,1.084896,1.09613163
March,1,10.95458299,1,0.9862692,0.9964833,11.90916598,1.1,1.084896,1.09613163
April,1,10.95623452,1,0.9862692,0.9964833,11.91246903,1.1,1.084896,1.09613163
May,1,10.95788604,1,0.9862692,0.9964833,11.91577209,1.1,1.084896,1.09613163
June,1,10.95953757,1,0.9862692,0.9964833,11.91907514,1.1,1.084896,1.09613163
July,1,10.9611891,1,0.9862692,0.9964833,11.9223782,1.1,1.084896,1.09613163
August,1,10.96284063,1,0.9862692,0.9964833,11.92568126,1.1,1.084896,1.09613163
September,1,10.96449216,1,0.9862692,0.9964833,11.92898431,1.1,1.084896,1.09613163
October,1,10.96614368,1,0.9862692,0.9964833,11.93228737,1.1,1.084896,1.09613163
November,1,10.96779521,1,0.9862692,0.9964833,11.93559042,1.1,1.084896,1.09613163
December,1,10.96944674,1,0.9862692,0.9964833,11.93889348,1.1,1.084896,1.09613163
2049,1,10.97109827,1,0.9921682,0.9965895,11.94219653,1.1,1.091385,1.09624845
February,1,10.97274979,1,0.9921682,0.9965895,11.94549959,1.1,1.091385,1.09624845
March,1,10.97440132,1,0.9921682,0.9965895,11.94880264,1.1,1.091385,1.09624845
April,1,10.97605285,1,0.9921682,0.9965895,11.9521057,1.1,1.091385,1.09624845
May,1,10.97770438,1,0.9921682,0.9965895,11.95540875,1.1,1.091385,1.09624845
June,1,10.9793559,1,0.9921682,0.9965895,11.95871181,1.1,1.091385,1.09624845
July,1,10.98100743,1,0.9921682,0.9965895,11.96201486,1.1,1.091385,1.09624845
August,1,10.98265896,1,0.9921682,0.9965895,11.96531792,1.1,1.091385,1.09624845
September,1,10.98431049,1,0.9921682,0.9965895,11.96862097,1.1,1.091385,1.09624845
October,1,10.98596201,1,0.9921682,0.9965895,11.97192403,1.1,1.091385,1.09624845
November,1,10.98761354,1,0.9921682,0.9965895,11.97522709,1.1,1.091385,1.09624845
December,1,10.98926507,1,0.9921682,0.9965895,11.97853014,1.1,1.091385,1.09624845
2050,1,10.9909166,1,0.9869182,0.9963919,11.9818332,1.1,1.08561,1.09603109
February,1,10.99256813,1,0.9869182,0.9963919,11.98513625,1.1,1.08561,1.09603109
March,1,10.99421965,1,0.9869182,0.9963919,11.98843931,1.1,1.08561,1.09603109
April,1,10.99587118,1,0.9869182,0.9963919,11.99174236,1.1,1.08561,1.09603109
May,1,10.99752271,1,0.9869182,0.9963919,11.99504542,1.1,1.08561,1.09603109
June,1,10.99917424,1,0.9869182,0.9963919,11.99834847,1.1,1.08561,1.09603109
July,1,11.00082576,1,0.9869182,0.9963919,12.00165153,1.1,1.08561,1.09603109
August,1,11.00247729,1,0.9869182,0.9963919,12.00495458,1.1,1.08561,1.09603109
September,1,11.00412882,1,0.9869182,0.9963919,12.00825764,1.1,1.08561,1.09603109
October,1,11.00578035,1,0.9869182,0.9963919,12.01156069,1.1,1.08561,1.09603109
November,1,11.00743187,1,0.9869182,0.9963919,12.01486375,1.1,1.08561,1.09603109
December,1,11.0090834,1,0.9869182,0.9963919,12.0181668,1.1,1.08561,1.09603109
2051,1,11.01073493,1,0.9922997,0.9954516,12.02146986,1.1,1.09153,1.09499676
February,1,11.01238646,1,0.9922997,0.9954516,12.02477291,1.1,1.09153,1.09499676
March,1,11.01403799,1,0.9922997,0.9954516,12.02807597,1.1,1.09153,1.09499676
April,1,11.01568951,1,0.9922997,0.9954516,12.03137903,1.1,1.09153,1.09499676
May,1,11.01734104,1,0.9922997,0.9954516,12.03468208,1.1,1.09153,1.09499676
June,1,11.01899257,1,0.9922997,0.9954516,12.03798514,1.1,1.09153,1.09499676
July,1,11.0206441,1,0.9922997,0.9954516,12.04128819,1.1,1.09153,1.09499676
August,1,11.02229562,1,0.9922997,0.9954516,12.04459125,1.1,1.09153,1.09499676
September,1,11.02394715,1,0.9922997,0.9954516,12.0478943,1.1,1.09153,1.09499676
October,1,11.02559868,1,0.9922997,0.9954516,12.05119736,1.1,1.09153,1.09499676
November,1,11.02725021,1,0.9922997,0.9954516,12.05450041,1.1,1.09153,1.09499676
December,1,11.02890173,1,0.9922997,0.9954516,12.05780347,1.1,1.09153,1.09499676
2052,1,11.03055326,1,0.9874222,0.9953861,12.06110652,1.1,1.086164,1.09492471
February,1,11.03220479,1,0.9874222,0.9953861,12.06440958,1.1,1.086164,1.09492471
March,1,11.03385632,1,0.9874222,0.9953861,12.06771263,1.1,1.086164,1.09492471
April,1,11.03550784,1,0.9874222,0.9953861,12.07101569,1.1,1.086164,1.09492471
May,1,11.03715937,1,0.9874222,0.9953861,12.07431874,1.1,1.086164,1.09492471
June,1,11.0388109,1,0.9874222,0.9953861,12.0776218,1.1,1.086164,1.09492471
July,1,11.04046243,1,0.9874222,0.9953861,12.08092486,1.1,1.086164,1.09492471
August,1,11.04211396,1,0.9874222,0.9953861,12.08422791,1.1,1.086164,1.09492471
September,1,11.04376548,1,0.9874222,0.9953861,12.08753097,1.1,1.086164,1.09492471
October,1,11.04541701,1,0.9874222,0.9953861,12.09083402,1.1,1.086164,1.09492471
November,1,11.04706854,1,0.9874222,0.9953861,12.09413708,1.1,1.086164,1.09492471
December,1,11.04872007,1,0.9874222,0.9953861,12.09744013,1.1,1.086164,1.09492471
2053,1,11.05037159,1,0.9958333,0.9957533,12.10074319,1.1,1.095417,1.09532863
February,1,11.05202312,1,0.9958333,0.9957533,12.10404624,1.1,1.095417,1.09532863
March,1,11.05367465,1,0.9958333,0.9957533,12.1073493,1.1,1.095417,1.09532863
April,1,11.05532618,1,0.9958333,0.9957533,12.11065235,1.1,1.095417,1.09532863
May,1,11.0569777,1,0.9958333,0.9957533,12.11395541,1.1,1.095417,1.09532863
June,1,11.05862923,1,0.9958333,0.9957533,12.11725846,1.1,1.095417,1.09532863
July,1,11.06028076,1,0.9958333,0.9957533,12.12056152,1.1,1.095417,1.09532863
August,1,11.06193229,1,0.9958333,0.9957533,12.12386457,1.1,1.095417,1.09532863
September,1,11.06358382,1,0.9958333,0.9957533,12.12716763,1.1,1.095417,1.09532863
October,1,11.06523534,1,0.9958333,0.9957533,12.13047069,1.1,1.095417,1.09532863
November,1,11.06688687,1,0.9958333,0.9957533,12.13377374,1.1,1.095417,1.09532863
December,1,11.0685384,1,0.9958333,0.9957533,12.1370768,1.1,1.095417,1.09532863
2054,1,11.07018993,1,0.9951148,0.9951304,12.14037985,1.1,1.094626,1.09464344
February,1,11.07184145,1,0.9951148,0.9951304,12.14368291,1.1,1.094626,1.09464344
March,1,11.07349298,1,0.9951148,0.9951304,12.14698596,1.1,1.094626,1.09464344
April,1,11.07514451,1,0.9951148,0.9951304,12.15028902,1.1,1.094626,1.09464344
May,1,11.07679604,1,0.9951148,0.9951304,12.15359207,1.1,1.094626,1.09464344
June,1,11.07844756,1,0.9951148,0.9951304,12.15689513,1.1,1.094626,1.09464344
July,1,11.08009909,1,0.9951148,0.9951304,12.16019818,1.1,1.094626,1.09464344
August,1,11.08175062,1,0.9951148,0.9951304,12.16350124,1.1,1.094626,1.09464344
September,1,11.08340215,1,0.9951148,0.9951304,12.16680429,1.1,1.094626,1.09464344
October,1,11.08505367,1,0.9951148,0.9951304,12.17010735,1.1,1.094626,1.09464344
November,1,11.0867052,1,0.9951148,0.9951304,12.1734104,1.1,1.094626,1.09464344
December,1,11.08835673,1,0.9951148,0.9951304,12.17671346,1.1,1.094626,1.09464344
2055,1,11.09000826,1,1.000779,0.9952149,12.18001652,1.1,1.100857,1.09473639
February,1,11.09165979,1,1.000779,0.9952149,12.18331957,1.1,1.100857,1.09473639
March,1,11.09331131,1,1.000779,0.9952149,12.18662263,1.1,1.100857,1.09473639
April,1,11.09496284,1,1.000779,0.9952149,12.18992568,1.1,1.100857,1.09473639
May,1,11.09661437,1,1.000779,0.9952149,12.19322874,1.1,1.100857,1.09473639
June,1,11.0982659,1,1.000779,0.9952149,12.19653179,1.1,1.100857,1.09473639
July,1,11.09991742,1,1.000779,0.9952149,12.19983485,1.1,1.100857,1.09473639
August,1,11.10156895,1,1.000779,0.9952149,12.2031379,1.1,1.100857,1.09473639
September,1,11.10322048,1,1.000779,0.9952149,12.20644096,1.1,1.100857,1.09473639
October,1,11.10487201,1,1.000779,0.9952149,12.20974401,1.1,1.100857,1.09473639
November,1,11.10652353,1,1.000779,0.9952149,12.21304707,1.1,1.100857,1.09473639
December,1,11.10817506,1,1.000779,0.9952149,12.21635012,1.1,1.100857,1.09473639
2056,1,11.10982659,1,0.9891606,0.993422,12.21965318,1.1,1.088077,1.0927642
February,1,11.11147812,1,0.9891606,0.993422,12.22295623,1.1,1.088077,1.0927642
March,1,11.11312964,1,0.9891606,0.993422,12.22625929,1.1,1.088077,1.0927642
April,1,11.11478117,1,0.9891606,0.993422,12.22956235,1.1,1.088077,1.0927642
May,1,11.1164327,1,0.9891606,0.993422,12.2328654,1.1,1.088077,1.0927642
June,1,11.11808423,1,0.9891606,0.993422,12.23616846,1.1,1.088077,1.0927642
July,1,11.11973576,1,0.9891606,0.993422,12.23947151,1.1,1.088077,1.0927642
August,1,11.12138728,1,0.9891606,0.993422,12.24277457,1.1,1.088077,1.0927642
September,1,11.12303881,1,0.9891606,0.993422,12.24607762,1.1,1.088077,1.0927642
October,1,11.12469034,1,0.9891606,0.993422,12.24938068,1.1,1.088077,1.0927642
November,1,11.12634187,1,0.9891606,0.993422,12.25268373,1.1,1.088077,1.0927642
December,1,11.12799339,1,0.9891606,0.993422,12.25598679,1.1,1.088077,1.0927642
2057,1,11.12964492,1,1.002765,0.9944993,12.25928984,1.1,1.103042,1.09394923
February,1,11.13129645,1,1.002765,0.9944993,12.2625929,1.1,1.103042,1.09394923
March,1,11.13294798,1,1.002765,0.9944993,12.26589595,1.1,1.103042,1.09394923
April,1,11.1345995,1,1.002765,0.9944993,12.26919901,1.1,1.103042,1.09394923
May,1,11.13625103,1,1.002765,0.9944993,12.27250206,1.1,1.103042,1.09394923
June,1,11.13790256,1,1.002765,0.9944993,12.27580512,1.1,1.103042,1.09394923
July,1,11.13955409,1,1.002765,0.9944993,12.27910818,1.1,1.103042,1.09394923
August,1,11.14120562,1,1.002765,0.9944993,12.28241123,1.1,1.103042,1.09394923
September,1,11.14285714,1,1.002765,0.9944993,12.28571429,1.1,1.103042,1.09394923
October,1,11.14450867,1,1.002765,0.9944993,12.28901734,1.1,1.103042,1.09394923
November,1,11.1461602,1,1.002765,0.9944993,12.2923204,1.1,1.103042,1.09394923
December,1,11.14781173,1,1.002765,0.9944993,12.29562345,1.1,1.103042,1.09394923
2058,1,11.14946325,1,0.9870649,0.9937844,12.29892651,1.1,1.085771,1.09316284
February,1,11.15111478,1,0.9870649,0.9937844,12.30222956,1.1,1.085771,1.09316284
March,1,11.15276631,1,0.9870649,0.9937844,12.30553262,1.1,1.085771,1.09316284
April,1,11.15441784,1,0.9870649,0.9937844,12.30883567,1.1,1.085771,1.09316284
May,1,11.15606936,1,0.9870649,0.9937844,12.31213873,1.1,1.085771,1.09316284
June,1,11.15772089,1,0.9870649,0.9937844,12.31544178,1.1,1.085771,1.09316284
July,1,11.15937242,1,0.9870649,0.9937844,12.31874484,1.1,1.085771,1.09316284
August,1,11.16102395,1,0.9870649,0.9937844,12.32204789,1.1,1.085771,1.09316284
September,1,11.16267547,1,0.9870649,0.9937844,12.32535095,1.1,1.085771,1.09316284
October,1,11.164327,1,0.9870649,0.9937844,12.328654,1.1,1.085771,1.09316284
November,1,11.16597853,1,0.9870649,0.9937844,12.33195706,1.1,1.085771,1.09316284
December,1,11.16763006,1,0.9870649,0.9937844,12.33526012,1.1,1.085771,1.09316284
2059,1,11.16928159,1,0.9870545,0.9940649,12.33856317,1.1,1.08576,1.09347139
February,1,11.17093311,1,0.9870545,0.9940649,12.34186623,1.1,1.08576,1.09347139
March,1,11.17258464,1,0.9870545,0.9940649,12.34516928,1.1,1.08576,1.09347139
April,1,11.17423617,1,0.9870545,0.9940649,12.34847234,1.1,1.08576,1.09347139
May,1,11.1758877,1,0.9870545,0.9940649,12.35177539,1.1,1.08576,1.09347139
June,1,11.17753922,1,0.9870545,0.9940649,12.35507845,1.1,1.08576,1.09347139
July,1,11.17919075,1,0.9870545,0.9940649,12.3583815,1.1,1.08576,1.09347139
August,1,11.18084228,1,0.9870545,0.9940649,12.36168456,1.1,1.08576,1.09347139
September,1,11.18249381,1,0.9870545,0.9940649,12.36498761,1.1,1.08576,1.09347139
October,1,11.18414533,1,0.9870545,0.9940649,12.36829067,1.1,1.08576,1.09347139
November,1,11.18579686,1,0.9870545,0.9940649,12.37159372,1.1,1.08576,1.09347139
December,1,11.18744839,1,0.9870545,0.9940649,12.37489678,1.1,1.08576,1.09347139
2060,1,11.18909992,1,0.9907267,0.9941195,12.37819983,1.1,1.089799,1.09353145
February,1,11.19075145,1,0.9907267,0.9941195,12.38150289,1.1,1.089799,1.09353145
March,1,11.19240297,1,0.9907267,0.9941195,12.38480595,1.1,1.089799,1.09353145
April,1,11.1940545,1,0.9907267,0.9941195,12.388109,1.1,1.089799,1.09353145
May,1,11.19570603,1,0.9907267,0.9941195,12.39141206,1.1,1.089799,1.09353145
June,1,11.19735756,1,0.9907267,0.9941195,12.39471511,1.1,1.089799,1.09353145
July,1,11.19900908,1,0.9907267,0.9941195,12.39801817,1.1,1.089799,1.09353145
August,1,11.20066061,1,0.9907267,0.9941195,12.40132122,1.1,1.089799,1.09353145
September,1,11.20231214,1,0.9907267,0.9941195,12.40462428,1.1,1.089799,1.09353145
October,1,11.20396367,1,0.9907267,0.9941195,12.40792733,1.1,1.089799,1.09353145
November,1,11.20561519,1,0.9907267,0.9941195,12.41123039,1.1,1.089799,1.09353145
December,1,11.20726672,1,0.9907267,0.9941195,12.41453344,1.1,1.089799,1.09353145
2061,1,11.20891825,1,0.9850172,0.9930311,12.4178365,1.1,1.083519,1.09233421
February,1,11.21056978,1,0.9850172,0.9930311,12.42113955,1.1,1.083519,1.09233421
March,1,11.2122213,1,0.9850172,0.9930311,12.42444261,1.1,1.083519,1.09233421
April,1,11.21387283,1,0.9850172,0.9930311,12.42774566,1.1,1.083519,1.09233421
May,1,11.21552436,1,0.9850172,0.9930311,12.43104872,1.1,1.083519,1.09233421
June,1,11.21717589,1,0.9850172,0.9930311,12.43435178,1.1,1.083519,1.09233421
July,1,11.21882742,1,0.9850172,0.9930311,12.43765483,1.1,1.083519,1.09233421
August,1,11.22047894,1,0.9850172,0.9930311,12.44095789,1.1,1.083519,1.09233421
September,1,11.22213047,1,0.9850172,0.9930311,12.44426094,1.1,1.083519,1.09233421
October,1,11.223782,1,0.9850172,0.9930311,12.447564,1.1,1.083519,1.09233421
November,1,11.22543353,1,0.9850172,0.9930311,12.45086705,1.1,1.083519,1.09233421
December,1,11.22708505,1,0.9850172,0.9930311,12.45417011,1.1,1.083519,1.09233421
2062,1,11.22873658,1,0.9865519,0.9935594,12.45747316,1.1,1.085207,1.09291534
February,1,11.23038811,1,0.9865519,0.9935594,12.46077622,1.1,1.085207,1.09291534
March,1,11.23203964,1,0.9865519,0.9935594,12.46407927,1.1,1.085207,1.09291534
April,1,11.23369116,1,0.9865519,0.9935594,12.46738233,1.1,1.085207,1.09291534
May,1,11.23534269,1,0.9865519,0.9935594,12.47068538,1.1,1.085207,1.09291534
June,1,11.23699422,1,0.9865519,0.9935594,12.47398844,1.1,1.085207,1.09291534
July,1,11.23864575,1,0.9865519,0.9935594,12.47729149,1.1,1.085207,1.09291534
August,1,11.24029727,1,0.9865519,0.9935594,12.48059455,1.1,1.085207,1.09291534
September,1,11.2419488,1,0.9865519,0.9935594,12.48389761,1.1,1.085207,1.09291534
October,1,11.24360033,1,0.9865519,0.9935594,12.48720066,1.1,1.085207,1.09291534
November,1,11.24525186,1,0.9865519,0.9935594,12.49050372,1.1,1.085207,1.09291534
December,1,11.24690339,1,0.9865519,0.9935594,12.49380677,1.1,1.085207,1.09291534
2063,1,11.24855491,1,0.9793962,0.9933133,12.49710983,1.1,1.077336,1.09264463
February,1,11.25020644,1,0.9793962,0.9933133,12.50041288,1.1,1.077336,1.09264463
March,1,11.25185797,1,0.9793962,0.9933133,12.50371594,1.1,1.077336,1.09264463
April,1,11.2535095,1,0.9793962,0.9933133,12.50701899,1.1,1.077336,1.09264463
May,1,11.25516102,1,0.9793962,0.9933133,12.51032205,1.1,1.077336,1.09264463
June,1,11.25681255,1,0.9793962,0.9933133,12.5136251,1.1,1.077336,1.09264463
July,1,11.25846408,1,0.9793962,0.9933133,12.51692816,1.1,1.077336,1.09264463
August,1,11.26011561,1,0.9793962,0.9933133,12.52023121,1.1,1.077336,1.09264463
September,1,11.26176713,1,0.9793962,0.9933133,12.52353427,1.1,1.077336,1.09264463
October,1,11.26341866,1,0.9793962,0.9933133,12.52683732,1.1,1.077336,1.09264463
November,1,11.26507019,1,0.9793962,0.9933133,12.53014038,1.1,1.077336,1.09264463
December,1,11.26672172,1,0.9793962,0.9933133,12.53344344,1.1,1.077336,1.09264463
2064,1,11.26837325,1,0.990245,0.9932404,12.53674649,1.1,1.08927,1.09256444
February,1,11.27002477,1,0.990245,0.9932404,12.54004955,1.1,1.08927,1.09256444
March,1,11.2716763,1,0.990245,0.9932404,12.5433526,1.1,1.08927,1.09256444
April,1,11.27332783,1,0.990245,0.9932404,12.54665566,1.1,1.08927,1.09256444
May,1,11.27497936,1,0.990245,0.9932404,12.54995871,1.1,1.08927,1.09256444
June,1,11.27663088,1,0.990245,0.9932404,12.55326177,1.1,1.08927,1.09256444
July,1,11.27828241,1,0.990245,0.9932404,12.55656482,1.1,1.08927,1.09256444
August,1,11.27993394,1,0.990245,0.9932404,12.55986788,1.1,1.08927,1.09256444
September,1,11.28158547,1,0.990245,0.9932404,12.56317093,1.1,1.08927,1.09256444
October,1,11.28323699,1,0.990245,0.9932404,12.56647399,1.1,1.08927,1.09256444
November,1,11.28488852,1,0.990245,0.9932404,12.56977704,1.1,1.08927,1.09256444
December,1,11.28654005,1,0.990245,0.9932404,12.5730801,1.1,1.08927,1.09256444
2065,1,11.28819158,1,0.9887427,0.9923872,12.57638315,1.1,1.087617,1.09162592
February,1,11.2898431,1,0.9887427,0.9923872,12.57968621,1.1,1.087617,1.09162592
March,1,11.29149463,1,0.9887427,0.9923872,12.58298927,1.1,1.087617,1.09162592
April,1,11.29314616,1,0.9887427,0.9923872,12.58629232,1.1,1.087617,1.09162592
May,1,11.29479769,1,0.9887427,0.9923872,12.58959538,1.1,1.087617,1.09162592
June,1,11.29644922,1,0.9887427,0.9923872,12.59289843,1.1,1.087617,1.09162592
July,1,11.29810074,1,0.9887427,0.9923872,12.59620149,1.1,1.087617,1.09162592
August,1,11.29975227,1,0.9887427,0.9923872,12.59950454,1.1,1.087617,1.09162592
September,1,11.3014038,1,0.9887427,0.9923872,12.6028076,1.1,1.087617,1.09162592
October,1,11.30305533,1,0.9887427,0.9923872,12.60611065,1.1,1.087617,1.09162592
November,1,11.30470685,1,0.9887427,0.9923872,12.60941371,1.1,1.087617,1.09162592
December,1,11.30635838,1,0.9887427,0.9923872,12.61271676,1.1,1.087617,1.09162592
2066,1,11.30800991,1,0.995274,0.9930217,12.61601982,1.1,1.094801,1.09232387
February,1,11.30966144,1,0.995274,0.9930217,12.61932287,1.1,1.094801,1.09232387
March,1,11.31131296,1,0.995274,0.9930217,12.62262593,1.1,1.094801,1.09232387
April,1,11.31296449,1,0.995274,0.9930217,12.62592898,1.1,1.094801,1.09232387
May,1,11.31461602,1,0.995274,0.9930217,12.62923204,1.1,1.094801,1.09232387
June,1,11.31626755,1,0.995274,0.9930217,12.63253509,1.1,1.094801,1.09232387
July,1,11.31791908,1,0.995274,0.9930217,12.63583815,1.1,1.094801,1.09232387
August,1,11.3195706,1,0.995274,0.9930217,12.63914121,1.1,1.094801,1.09232387
September,1,11.32122213,1,0.995274,0.9930217,12.64244426,1.1,1.094801,1.09232387
October,1,11.32287366,1,0.995274,0.9930217,12.64574732,1.1,1.094801,1.09232387
November,1,11.32452519,1,0.995274,0.9930217,12.64905037,1.1,1.094801,1.09232387
December,1,11.32617671,1,0.995274,0.9930217,12.65235343,1.1,1.094801,1.09232387
2067,1,11.32782824,1,0.9931265,0.9926785,12.65565648,1.1,1.092439,1.09194635
February,1,11.32947977,1,0.9931265,0.9926785,12.65895954,1.1,1.092439,1.09194635
March,1,11.3311313,1,0.9931265,0.9926785,12.66226259,1.1,1.092439,1.09194635
April,1,11.33278282,1,0.9931265,0.9926785,12.66556565,1.1,1.092439,1.09194635
May,1,11.33443435,1,0.9931265,0.9926785,12.6688687,1.1,1.092439,1.09194635
June,1,11.33608588,1,0.9931265,0.9926785,12.67217176,1.1,1.092439,1.09194635
July,1,11.33773741,1,0.9931265,0.9926785,12.67547481,1.1,1.092439,1.09194635
August,1,11.33938893,1,0.9931265,0.9926785,12.67877787,1.1,1.092439,1.09194635
September,1,11.34104046,1,0.9931265,0.9926785,12.68208092,1.1,1.092439,1.09194635
October,1,11.34269199,1,0.9931265,0.9926785,12.68538398,1.1,1.092439,1.09194635
November,1,11.34434352,1,0.9931265,0.9926785,12.68868704,1.1,1.092439,1.09194635
December,1,11.34599505,1,0.9931265,0.9926785,12.69199009,1.1,1.092439,1.09194635
2068,1,11.34764657,1,0.9872674,0.9924853,12.69529315,1.1,1.085994,1.09173383
February,1,11.3492981,1,0.9872674,0.9924853,12.6985962,1.1,1.085994,1.09173383
March,1,11.35094963,1,0.9872674,0.9924853,12.70189926,1.1,1.085994,1.09173383
April,1,11.35260116,1,0.9872674,0.9924853,12.70520231,1.1,1.085994,1.09173383
May,1,11.35425268,1,0.9872674,0.9924853,12.70850537,1.1,1.085994,1.09173383
June,1,11.35590421,1,0.9872674,0.9924853,12.71180842,1.1,1.085994,1.09173383
July,1,11.35755574,1,0.9872674,0.9924853,12.71511148,1.1,1.085994,1.09173383
August,1,11.35920727,1,0.9872674,0.9924853,12.71841453,1.1,1.085994,1.09173383
September,1,11.36085879,1,0.9872674,0.9924853,12.72171759,1.1,1.085994,1.09173383
October,1,11.36251032,1,0.9872674,0.9924853,12.72502064,1.1,1.085994,1.09173383
November,1,11.36416185,1,0.9872674,0.9924853,12.7283237,1.1,1.085994,1.09173383
December,1,11.36581338,1,0.9872674,0.9924853,12.73162675,1.1,1.085994,1.09173383
2069,1,11.36746491,1,0.9882818,0.9925287,12.73492981,1.1,1.08711,1.09178157
February,1,11.36911643,1,0.9882818,0.9925287,12.73823287,1.1,1.08711,1.09178157
March,1,11.37076796,1,0.9882818,0.9925287,12.74153592,1.1,1.08711,1.09178157
April,1,11.37241949,1,0.9882818,0.9925287,12.74483898,1.1,1.08711,1.09178157
May,1,11.37407102,1,0.9882818,0.9925287,12.74814203,1.1,1.08711,1.09178157
June,1,11.37572254,1,0.9882818,0.9925287,12.75144509,1.1,1.08711,1.09178157
July,1,11.37737407,1,0.9882818,0.9925287,12.75474814,1.1,1.08711,1.09178157
August,1,11.3790256,1,0.9882818,0.9925287,12.7580512,1.1,1.08711,1.09178157
September,1,11.38067713,1,0.9882818,0.9925287,12.76135425,1.1,1.08711,1.09178157
October,1,11.38232865,1,0.9882818,0.9925287,12.76465731,1.1,1.08711,1.09178157
November,1,11.38398018,1,0.9882818,0.9925287,12.76796036,1.1,1.08711,1.09178157
December,1,11.38563171,1,0.9882818,0.9925287,12.77126342,1.1,1.08711,1.09178157
2070,1,11.38728324,1,1.003885,0.9929252,12.77456647,1.1,1.104274,1.09221772
February,1,11.38893476,1,1.003885,0.9929252,12.77786953,1.1,1.104274,1.09221772
March,1,11.39058629,1,1.003885,0.9929252,12.78117258,1.1,1.104274,1.09221772
April,1,11.39223782,1,1.003885,0.9929252,12.78447564,1.1,1.104274,1.09221772
May,1,11.39388935,1,1.003885,0.9929252,12.7877787,1.1,1.104274,1.09221772
June,1,11.39554088,1,1.003885,0.9929252,12.79108175,1.1,1.104274,1.09221772
July,1,11.3971924,1,1.003885,0.9929252,12.79438481,1.1,1.104274,1.09221772
August,1,11.39884393,1,1.003885,0.9929252,12.79768786,1.1,1.104274,1.09221772
September,1,11.40049546,1,1.003885,0.9929252,12.80099092,1.1,1.104274,1.09221772
October,1,11.40214699,1,1.003885,0.9929252,12.80429397,1.1,1.104274,1.09221772
November,1,11.40379851,1,1.003885,0.9929252,12.80759703,1.1,1.104274,1.09221772
December,1,11.40545004,1,1.003885,0.9929252,12.81090008,1.1,1.104274,1.09221772
2071,1,11.40710157,1,0.9919013,0.9921433,12.81420314,1.1,1.091091,1.09135763
February,1,11.4087531,1,0.9919013,0.9921433,12.81750619,1.1,1.091091,1.09135763
March,1,11.41040462,1,0.9919013,0.9921433,12.82080925,1.1,1.091091,1.09135763
April,1,11.41205615,1,0.9919013,0.9921433,12.8241123,1.1,1.091091,1.09135763
May,1,11.41370768,1,0.9919013,0.9921433,12.82741536,1.1,1.091091,1.09135763
June,1,11.41535921,1,0.9919013,0.9921433,12.83071841,1.1,1.091091,1.09135763
July,1,11.41701073,1,0.9919013,0.9921433,12.83402147,1.1,1.091091,1.09135763
August,1,11.41866226,1,0.9919013,0.9921433,12.83732453,1.1,1.091091,1.09135763
September,1,11.42031379,1,0.9919013,0.9921433,12.84062758,1.1,1.091091,1.09135763
October,1,11.42196532,1,0.9919013,0.9921433,12.84393064,1.1,1.091091,1.09135763
November,1,11.42361685,1,0.9919013,0.9921433,12.84723369,1.1,1.091091,1.09135763
December,1,11.42526837,1,0.9919013,0.9921433,12.85053675,1.1,1.091091,1.09135763
2072,1,11.4269199,1,0.9791678,0.9912375,12.8538398,1.1,1.077085,1.09036125
February,1,11.42857143,1,0.9791678,0.9912375,12.85714286,1.1,1.077085,1.09036125
March,1,11.43022296,1,0.9791678,0.9912375,12.86044591,1.1,1.077085,1.09036125
April,1,11.43187448,1,0.9791678,0.9912375,12.86374897,1.1,1.077085,1.09036125
May,1,11.43352601,1,0.9791678,0.9912375,12.86705202,1.1,1.077085,1.09036125
June,1,11.43517754,1,0.9791678,0.9912375,12.87035508,1.1,1.077085,1.09036125
July,1,11.43682907,1,0.9791678,0.9912375,12.87365813,1.1,1.077085,1.09036125
August,1,11.43848059,1,0.9791678,0.9912375,12.87696119,1.1,1.077085,1.09036125
September,1,11.44013212,1,0.9791678,0.9912375,12.88026424,1.1,1.077085,1.09036125
October,1,11.44178365,1,0.9791678,0.9912375,12.8835673,1.1,1.077085,1.09036125
November,1,11.44343518,1,0.9791678,0.9912375,12.88687036,1.1,1.077085,1.09036125
December,1,11.44508671,1,0.9791678,0.9912375,12.89017341,1.1,1.077085,1.09036125
2073,1,11.44673823,1,0.9921777,0.9920034,12.89347647,1.1,1.091395,1.09120374
February,1,11.44838976,1,0.9921777,0.9920034,12.89677952,1.1,1.091395,1.09120374
March,1,11.45004129,1,0.9921777,0.9920034,12.90008258,1.1,1.091395,1.09120374
April,1,11.45169282,1,0.9921777,0.9920034,12.90338563,1.1,1.091395,1.09120374
May,1,11.45334434,1,0.9921777,0.9920034,12.90668869,1.1,1.091395,1.09120374
June,1,11.45499587,1,0.9921777,0.9920034,12.90999174,1.1,1.091395,1.09120374
July,1,11.4566474,1,0.9921777,0.9920034,12.9132948,1.1,1.091395,1.09120374
August,1,11.45829893,1,0.9921777,0.9920034,12.91659785,1.1,1.091395,1.09120374
September,1,11.45995045,1,0.9921777,0.9920034,12.91990091,1.1,1.091395,1.09120374
October,1,11.46160198,1,0.9921777,0.9920034,12.92320396,1.1,1.091395,1.09120374
November,1,11.46325351,1,0.9921777,0.9920034,12.92650702,1.1,1.091395,1.09120374
December,1,11.46490504,1,0.9921777,0.9920034,12.92981007,1.1,1.091395,1.09120374
2074,1,11.46655656,1,0.9815232,0.9920022,12.93311313,1.1,1.079676,1.09120242
February,1,11.46820809,1,0.9815232,0.9920022,12.93641618,1.1,1.079676,1.09120242
March,1,11.46985962,1,0.9815232,0.9920022,12.93971924,1.1,1.079676,1.09120242
April,1,11.47151115,1,0.9815232,0.9920022,12.9430223,1.1,1.079676,1.09120242
May,1,11.47316268,1,0.9815232,0.9920022,12.94632535,1.1,1.079676,1.09120242
June,1,11.4748142,1,0.9815232,0.9920022,12.94962841,1.1,1.079676,1.09120242
July,1,11.47646573,1,0.9815232,0.9920022,12.95293146,1.1,1.079676,1.09120242
August,1,11.47811726,1,0.9815232,0.9920022,12.95623452,1.1,1.079676,1.09120242
September,1,11.47976879,1,0.9815232,0.9920022,12.95953757,1.1,1.079676,1.09120242
October,1,11.48142031,1,0.9815232,0.9920022,12.96284063,1.1,1.079676,1.09120242
November,1,11.48307184,1,0.9815232,0.9920022,12.96614368,1.1,1.079676,1.09120242
December,1,11.48472337,1,0.9815232,0.9920022,12.96944674,1.1,1.079676,1.09120242
2075,1,11.4863749,1,0.9780139,0.991419,12.97274979,1.1,1.075815,1.0905609
February,1,11.48802642,1,0.9780139,0.991419,12.97605285,1.1,1.075815,1.0905609
March,1,11.48967795,1,0.9780139,0.991419,12.9793559,1.1,1.075815,1.0905609
April,1,11.49132948,1,0.9780139,0.991419,12.98265896,1.1,1.075815,1.0905609
May,1,11.49298101,1,0.9780139,0.991419,12.98596201,1.1,1.075815,1.0905609
June,1,11.49463254,1,0.9780139,0.991419,12.98926507,1.1,1.075815,1.0905609
July,1,11.49628406,1,0.9780139,0.991419,12.99256813,1.1,1.075815,1.0905609
August,1,11.49793559,1,0.9780139,0.991419,12.99587118,1.1,1.075815,1.0905609
September,1,11.49958712,1,0.9780139,0.991419,12.99917424,1.1,1.075815,1.0905609
October,1,11.50123865,1,0.9780139,0.991419,13.00247729,1.1,1.075815,1.0905609
November,1,11.50289017,1,0.9780139,0.991419,13.00578035,1.1,1.075815,1.0905609
December,1,11.5045417,1,0.9780139,0.991419,13.0090834,1.1,1.075815,1.0905609
2076,1,11.50619323,1,0.9913603,0.9919062,13.01238646,1.1,1.090496,1.09109682
February,1,11.50784476,1,0.9913603,0.9919062,13.01568951,1.1,1.090496,1.09109682
March,1,11.50949628,1,0.9913603,0.9919062,13.01899257,1.1,1.090496,1.09109682
April,1,11.51114781,1,0.9913603,0.9919062,13.02229562,1.1,1.090496,1.09109682
May,1,11.51279934,1,0.9913603,0.9919062,13.02559868,1.1,1.090496,1.09109682
June,1,11.51445087,1,0.9913603,0.9919062,13.02890173,1.1,1.090496,1.09109682
July,1,11.51610239,1,0.9913603,0.9919062,13.03220479,1.1,1.090496,1.09109682
August,1,11.51775392,1,0.9913603,0.9919062,13.03550784,1.1,1.090496,1.09109682
September,1,11.51940545,1,0.9913603,0.9919062,13.0388109,1.1,1.090496,1.09109682
October,1,11.52105698,1,0.9913603,0.9919062,13.04211396,1.1,1.090496,1.09109682
November,1,11.52270851,1,0.9913603,0.9919062,13.04541701,1.1,1.090496,1.09109682
December,1,11.52436003,1,0.9913603,0.9919062,13.04872007,1.1,1.090496,1.09109682
2077,1,11.52601156,1,0.997595,0.9923593,13.05202312,1.1,1.097355,1.09159523
February,1,11.52766309,1,0.997595,0.9923593,13.05532618,1.1,1.097355,1.09159523
March,1,11.52931462,1,0.997595,0.9923593,13.05862923,1.1,1.097355,1.09159523
April,1,11.53096614,1,0.997595,0.9923593,13.06193229,1.1,1.097355,1.09159523
May,1,11.53261767,1,0.997595,0.9923593,13.06523534,1.1,1.097355,1.09159523
June,1,11.5342692,1,0.997595,0.9923593,13.0685384,1.1,1.097355,1.09159523
July,1,11.53592073,1,0.997595,0.9923593,13.07184145,1.1,1.097355,1.09159523
August,1,11.53757225,1,0.997595,0.9923593,13.07514451,1.1,1.097355,1.09159523
September,1,11.53922378,1,0.997595,0.9923593,13.07844756,1.1,1.097355,1.09159523
October,1,11.54087531,1,0.997595,0.9923593,13.08175062,1.1,1.097355,1.09159523
November,1,11.54252684,1,0.997595,0.9923593,13.08505367,1.1,1.097355,1.09159523
December,1,11.54417836,1,0.997595,0.9923593,13.08835673,1.1,1.097355,1.09159523
2078,1,11.54582989,1,0.9888554,0.9915741,13.09165979,1.1,1.087741,1.09073151
February,1,11.54748142,1,0.9888554,0.9915741,13.09496284,1.1,1.087741,1.09073151
March,1,11.54913295,1,0.9888554,0.9915741,13.0982659,1.1,1.087741,1.09073151
April,1,11.55078448,1,0.9888554,0.9915741,13.10156895,1.1,1.087741,1.09073151
May,1,11.552436,1,0.9888554,0.9915741,13.10487201,1.1,1.087741,1.09073151
June,1,11.55408753,1,0.9888554,0.9915741,13.10817506,1.1,1.087741,1.09073151
July,1,11.55573906,1,0.9888554,0.9915741,13.11147812,1.1,1.087741,1.09073151
August,1,11.55739059,1,0.9888554,0.9915741,13.11478117,1.1,1.087741,1.09073151
September,1,11.55904211,1,0.9888554,0.9915741,13.11808423,1.1,1.087741,1.09073151
October,1,11.56069364,1,0.9888554,0.9915741,13.12138728,1.1,1.087741,1.09073151
November,1,11.56234517,1,0.9888554,0.9915741,13.12469034,1.1,1.087741,1.09073151
December,1,11.5639967,1,0.9888554,0.9915741,13.12799339,1.1,1.087741,1.09073151
2079,1,11.56564822,1,1.003874,0.9920951,13.13129645,1.1,1.104261,1.09130461
February,1,11.56729975,1,1.003874,0.9920951,13.1345995,1.1,1.104261,1.09130461
March,1,11.56895128,1,1.003874,0.9920951,13.13790256,1.1,1.104261,1.09130461
April,1,11.57060281,1,1.003874,0.9920951,13.14120562,1.1,1.104261,1.09130461
May,1,11.57225434,1,1.003874,0.9920951,13.14450867,1.1,1.104261,1.09130461
June,1,11.57390586,1,1.003874,0.9920951,13.14781173,1.1,1.104261,1.09130461
July,1,11.57555739,1,1.003874,0.9920951,13.15111478,1.1,1.104261,1.09130461
August,1,11.57720892,1,1.003874,0.9920951,13.15441784,1.1,1.104261,1.09130461
September,1,11.57886045,1,1.003874,0.9920951,13.15772089,1.1,1.104261,1.09130461
October,1,11.58051197,1,1.003874,0.9920951,13.16102395,1.1,1.104261,1.09130461
November,1,11.5821635,1,1.003874,0.9920951,13.164327,1.1,1.104261,1.09130461
December,1,11.58381503,1,1.003874,0.9920951,13.16763006,1.1,1.104261,1.09130461
2080,1,11.58546656,1,0.9966071,0.9919354,13.17093311,1.1,1.096268,1.09112894
February,1,11.58711808,1,0.9966071,0.9919354,13.17423617,1.1,1.096268,1.09112894
March,1,11.58876961,1,0.9966071,0.9919354,13.17753922,1.1,1.096268,1.09112894
April,1,11.59042114,1,0.9966071,0.9919354,13.18084228,1.1,1.096268,1.09112894
May,1,11.59207267,1,0.9966071,0.9919354,13.18414533,1.1,1.096268,1.09112894
June,1,11.59372419,1,0.9966071,0.9919354,13.18744839,1.1,1.096268,1.09112894
July,1,11.59537572,1,0.9966071,0.9919354,13.19075145,1.1,1.096268,1.09112894
August,1,11.59702725,1,0.9966071,0.9919354,13.1940545,1.1,1.096268,1.09112894
September,1,11.59867878,1,0.9966071,0.9919354,13.19735756,1.1,1.096268,1.09112894
October,1,11.60033031,1,0.9966071,0.9919354,13.20066061,1.1,1.096268,1.09112894
November,1,11.60198183,1,0.9966071,0.9919354,13.20396367,1.1,1.096268,1.09112894
December,1,11.60363336,1,0.9966071,0.9919354,13.20726672,1.1,1.096268,1.09112894
2081,1,11.60528489,1,0.9949814,0.9915137,13.21056978,1.1,1.09448,1.09066507
February,1,11.60693642,1,0.9949814,0.9915137,13.21387283,1.1,1.09448,1.09066507
March,1,11.60858794,1,0.9949814,0.9915137,13.21717589,1.1,1.09448,1.09066507
April,1,11.61023947,1,0.9949814,0.9915137,13.22047894,1.1,1.09448,1.09066507
May,1,11.611891,1,0.9949814,0.9915137,13.223782,1.1,1.09448,1.09066507
June,1,11.61354253,1,0.9949814,0.9915137,13.22708505,1.1,1.09448,1.09066507
July,1,11.61519405,1,0.9949814,0.9915137,13.23038811,1.1,1.09448,1.09066507
August,1,11.61684558,1,0.9949814,0.9915137,13.23369116,1.1,1.09448,1.09066507
September,1,11.61849711,1,0.9949814,0.9915137,13.23699422,1.1,1.09448,1.09066507
October,1,11.62014864,1,0.9949814,0.9915137,13.24029727,1.1,1.09448,1.09066507
November,1,11.62180017,1,0.9949814,0.9915137,13.24360033,1.1,1.09448,1.09066507
December,1,11.62345169,1,0.9949814,0.9915137,13.24690339,1.1,1.09448,1.09066507
2082,1,11.62510322,1,0.9959664,0.9920972,13.25020644,1.1,1.095563,1.09130692
February,1,11.62675475,1,0.9959664,0.9920972,13.2535095,1.1,1.095563,1.09130692
March,1,11.62840628,1,0.9959664,0.9920972,13.25681255,1.1,1.095563,1.09130692
April,1,11.6300578,1,0.9959664,0.9920972,13.26011561,1.1,1.095563,1.09130692
May,1,11.63170933,1,0.9959664,0.9920972,13.26341866,1.1,1.095563,1.09130692
June,1,11.63336086,1,0.9959664,0.9920972,13.26672172,1.1,1.095563,1.09130692
July,1,11.63501239,1,0.9959664,0.9920972,13.27002477,1.1,1.095563,1.09130692
August,1,11.63666391,1,0.9959664,0.9920972,13.27332783,1.1,1.095563,1.09130692
September,1,11.63831544,1,0.9959664,0.9920972,13.27663088,1.1,1.095563,1.09130692
October,1,11.63996697,1,0.9959664,0.9920972,13.27993394,1.1,1.095563,1.09130692
November,1,11.6416185,1,0.9959664,0.9920972,13.28323699,1.1,1.095563,1.09130692
December,1,11.64327002,1,0.9959664,0.9920972,13.28654005,1.1,1.095563,1.09130692
2083,1,11.64492155,1,0.9917154,0.9915748,13.2898431,1.1,1.090887,1.09073228
February,1,11.64657308,1,0.9917154,0.9915748,13.29314616,1.1,1.090887,1.09073228
March,1,11.64822461,1,0.9917154,0.9915748,13.29644922,1.1,1.090887,1.09073228
April,1,11.64987614,1,0.9917154,0.9915748,13.29975227,1.1,1.090887,1.09073228
May,1,11.65152766,1,0.9917154,0.9915748,13.30305533,1.1,1.090887,1.09073228
June,1,11.65317919,1,0.9917154,0.9915748,13.30635838,1.1,1.090887,1.09073228
July,1,11.65483072,1,0.9917154,0.9915748,13.30966144,1.1,1.090887,1.09073228
August,1,11.65648225,1,0.9917154,0.9915748,13.31296449,1.1,1.090887,1.09073228
September,1,11.65813377,1,0.9917154,0.9915748,13.31626755,1.1,1.090887,1.09073228
October,1,11.6597853,1,0.9917154,0.9915748,13.3195706,1.1,1.090887,1.09073228
November,1,11.66143683,1,0.9917154,0.9915748,13.32287366,1.1,1.090887,1.09073228
December,1,11.66308836,1,0.9917154,0.9915748,13.32617671,1.1,1.090887,1.09073228
2084,1,11.66473988,1,1.000972,0.9911795,13.32947977,1.1,1.101069,1.09029745
February,1,11.66639141,1,1.000972,0.9911795,13.33278282,1.1,1.101069,1.09029745
March,1,11.66804294,1,1.000972,0.9911795,13.33608588,1.1,1.101069,1.09029745
April,1,11.66969447,1,1.000972,0.9911795,13.33938893,1.1,1.101069,1.09029745
May,1,11.671346,1,1.000972,0.9911795,13.34269199,1.1,1.101069,1.09029745
June,1,11.67299752,1,1.000972,0.9911795,13.34599505,1.1,1.101069,1.09029745
July,1,11.67464905,1,1.000972,0.9911795,13.3492981,1.1,1.101069,1.09029745
August,1,11.67630058,1,1.000972,0.9911795,13.35260116,1.1,1.101069,1.09029745
September,1,11.67795211,1,1.000972,0.9911795,13.35590421,1.1,1.101069,1.09029745
October,1,11.67960363,1,1.000972,0.9911795,13.35920727,1.1,1.101069,1.09029745
November,1,11.68125516,1,1.000972,0.9911795,13.36251032,1.1,1.101069,1.09029745
December,1,11.68290669,1,1.000972,0.9911795,13.36581338,1.1,1.101069,1.09029745
2085,1,11.68455822,1,0.9963828,0.9916758,13.36911643,1.1,1.096021,1.09084338
February,1,11.68620974,1,0.9963828,0.9916758,13.37241949,1.1,1.096021,1.09084338
March,1,11.68786127,1,0.9963828,0.9916758,13.37572254,1.1,1.096021,1.09084338
April,1,11.6895128,1,0.9963828,0.9916758,13.3790256,1.1,1.096021,1.09084338
May,1,11.69116433,1,0.9963828,0.9916758,13.38232865,1.1,1.096021,1.09084338
June,1,11.69281585,1,0.9963828,0.9916758,13.38563171,1.1,1.096021,1.09084338
July,1,11.69446738,1,0.9963828,0.9916758,13.38893476,1.1,1.096021,1.09084338
August,1,11.69611891,1,0.9963828,0.9916758,13.39223782,1.1,1.096021,1.09084338
September,1,11.69777044,1,0.9963828,0.9916758,13.39554088,1.1,1.096021,1.09084338
October,1,11.69942197,1,0.9963828,0.9916758,13.39884393,1.1,1.096021,1.09084338
November,1,11.70107349,1,0.9963828,0.9916758,13.40214699,1.1,1.096021,1.09084338
December,1,11.70272502,1,0.9963828,0.9916758,13.40545004,1.1,1.096021,1.09084338
2086,1,11.70437655,1,0.9894832,0.9911892,13.4087531,1.1,1.088431,1.09030812
February,1,11.70602808,1,0.9894832,0.9911892,13.41205615,1.1,1.088431,1.09030812
March,1,11.7076796,1,0.9894832,0.9911892,13.41535921,1.1,1.088431,1.09030812
April,1,11.70933113,1,0.9894832,0.9911892,13.41866226,1.1,1.088431,1.09030812
May,1,11.71098266,1,0.9894832,0.9911892,13.42196532,1.1,1.088431,1.09030812
June,1,11.71263419,1,0.9894832,0.9911892,13.42526837,1.1,1.088431,1.09030812
July,1,11.71428571,1,0.9894832,0.9911892,13.42857143,1.1,1.088431,1.09030812
August,1,11.71593724,1,0.9894832,0.9911892,13.43187448,1.1,1.088431,1.09030812
September,1,11.71758877,1,0.9894832,0.9911892,13.43517754,1.1,1.088431,1.09030812
October,1,11.7192403,1,0.9894832,0.9911892,13.43848059,1.1,1.088431,1.09030812
November,1,11.72089182,1,0.9894832,0.9911892,13.44178365,1.1,1.088431,1.09030812
December,1,11.72254335,1,0.9894832,0.9911892,13.44508671,1.1,1.088431,1.09030812
2087,1,11.72419488,1,0.9954321,0.9917195,13.44838976,1.1,1.094975,1.09089145
February,1,11.72584641,1,0.9954321,0.9917195,13.45169282,1.1,1.094975,1.09089145
March,1,11.72749794,1,0.9954321,0.9917195,13.45499587,1.1,1.094975,1.09089145
April,1,11.72914946,1,0.9954321,0.9917195,13.45829893,1.1,1.094975,1.09089145
May,1,11.73080099,1,0.9954321,0.9917195,13.46160198,1.1,1.094975,1.09089145
June,1,11.73245252,1,0.9954321,0.9917195,13.46490504,1.1,1.094975,1.09089145
July,1,11.73410405,1,0.9954321,0.9917195,13.46820809,1.1,1.094975,1.09089145
August,1,11.73575557,1,0.9954321,0.9917195,13.47151115,1.1,1.094975,1.09089145
September,1,11.7374071,1,0.9954321,0.9917195,13.4748142,1.1,1.094975,1.09089145
October,1,11.73905863,1,0.9954321,0.9917195,13.47811726,1.1,1.094975,1.09089145
November,1,11.74071016,1,0.9954321,0.9917195,13.48142031,1.1,1.094975,1.09089145
December,1,11.74236168,1,0.9954321,0.9917195,13.48472337,1.1,1.094975,1.09089145
2088,1,11.74401321,1,1.012368,0.992485,13.48802642,1.1,1.113605,1.0917335
February,1,11.74566474,1,1.012368,0.992485,13.49132948,1.1,1.113605,1.0917335
March,1,11.74731627,1,1.012368,0.992485,13.49463254,1.1,1.113605,1.0917335
April,1,11.7489678,1,1.012368,0.992485,13.49793559,1.1,1.113605,1.0917335
May,1,11.75061932,1,1.012368,0.992485,13.50123865,1.1,1.113605,1.0917335
June,1,11.75227085,1,1.012368,0.992485,13.5045417,1.1,1.113605,1.0917335
July,1,11.75392238,1,1.012368,0.992485,13.50784476,1.1,1.113605,1.0917335
August,1,11.75557391,1,1.012368,0.992485,13.51114781,1.1,1.113605,1.0917335
September,1,11.75722543,1,1.012368,0.992485,13.51445087,1.1,1.113605,1.0917335
October,1,11.75887696,1,1.012368,0.992485,13.51775392,1.1,1.113605,1.0917335
November,1,11.76052849,1,1.012368,0.992485,13.52105698,1.1,1.113605,1.0917335
December,1,11.76218002,1,1.012368,0.992485,13.52436003,1.1,1.113605,1.0917335
2089,1,11.76383154,1,1.003132,0.9916123,13.52766309,1.1,1.103445,1.09077353
February,1,11.76548307,1,1.003132,0.9916123,13.53096614,1.1,1.103445,1.09077353
March,1,11.7671346,1,1.003132,0.9916123,13.5342692,1.1,1.103445,1.09077353
April,1,11.76878613,1,1.003132,0.9916123,13.53757225,1.1,1.103445,1.09077353
May,1,11.77043765,1,1.003132,0.9916123,13.54087531,1.1,1.103445,1.09077353
June,1,11.77208918,1,1.003132,0.9916123,13.54417836,1.1,1.103445,1.09077353
July,1,11.77374071,1,1.003132,0.9916123,13.54748142,1.1,1.103445,1.09077353
August,1,11.77539224,1,1.003132,0.9916123,13.55078448,1.1,1.103445,1.09077353
September,1,11.77704377,1,1.003132,0.9916123,13.55408753,1.1,1.103445,1.09077353
October,1,11.77869529,1,1.003132,0.9916123,13.55739059,1.1,1.103445,1.09077353
November,1,11.78034682,1,1.003132,0.9916123,13.56069364,1.1,1.103445,1.09077353
December,1,11.78199835,1,1.003132,0.9916123,13.5639967,1.1,1.103445,1.09077353
2090,1,11.78364988,1,1.002455,0.9918273,13.56729975,1.1,1.1027,1.09101003
February,1,11.7853014,1,1.002455,0.9918273,13.57060281,1.1,1.1027,1.09101003
March,1,11.78695293,1,1.002455,0.9918273,13.57390586,1.1,1.1027,1.09101003
April,1,11.78860446,1,1.002455,0.9918273,13.57720892,1.1,1.1027,1.09101003
May,1,11.79025599,1,1.002455,0.9918273,13.58051197,1.1,1.1027,1.09101003
June,1,11.79190751,1,1.002455,0.9918273,13.58381503,1.1,1.1027,1.09101003
July,1,11.79355904,1,1.002455,0.9918273,13.58711808,1.1,1.1027,1.09101003
August,1,11.79521057,1,1.002455,0.9918273,13.59042114,1.1,1.1027,1.09101003
September,1,11.7968621,1,1.002455,0.9918273,13.59372419,1.1,1.1027,1.09101003
October,1,11.79851363,1,1.002455,0.9918273,13.59702725,1.1,1.1027,1.09101003
November,1,11.80016515,1,1.002455,0.9918273,13.60033031,1.1,1.1027,1.09101003
December,1,11.80181668,1,1.002455,0.9918273,13.60363336,1.1,1.1027,1.09101003
2091,1,11.80346821,1,0.9876492,0.9915733,13.60693642,1.1,1.086414,1.09073063
February,1,11.80511974,1,0.9876492,0.9915733,13.61023947,1.1,1.086414,1.09073063
March,1,11.80677126,1,0.9876492,0.9915733,13.61354253,1.1,1.086414,1.09073063
April,1,11.80842279,1,0.9876492,0.9915733,13.61684558,1.1,1.086414,1.09073063
May,1,11.81007432,1,0.9876492,0.9915733,13.62014864,1.1,1.086414,1.09073063
June,1,11.81172585,1,0.9876492,0.9915733,13.62345169,1.1,1.086414,1.09073063
July,1,11.81337737,1,0.9876492,0.9915733,13.62675475,1.1,1.086414,1.09073063
August,1,11.8150289,1,0.9876492,0.9915733,13.6300578,1.1,1.086414,1.09073063
September,1,11.81668043,1,0.9876492,0.9915733,13.63336086,1.1,1.086414,1.09073063
October,1,11.81833196,1,0.9876492,0.9915733,13.63666391,1.1,1.086414,1.09073063
November,1,11.81998348,1,0.9876492,0.9915733,13.63996697,1.1,1.086414,1.09073063
December,1,11.82163501,1,0.9876492,0.9915733,13.64327002,1.1,1.086414,1.09073063
2092,1,11.82328654,1,0.9856594,0.9913237,13.64657308,1.1,1.084225,1.09045607
February,1,11.82493807,1,0.9856594,0.9913237,13.64987614,1.1,1.084225,1.09045607
March,1,11.8265896,1,0.9856594,0.9913237,13.65317919,1.1,1.084225,1.09045607
April,1,11.82824112,1,0.9856594,0.9913237,13.65648225,1.1,1.084225,1.09045607
May,1,11.82989265,1,0.9856594,0.9913237,13.6597853,1.1,1.084225,1.09045607
June,1,11.83154418,1,0.9856594,0.9913237,13.66308836,1.1,1.084225,1.09045607
July,1,11.83319571,1,0.9856594,0.9913237,13.66639141,1.1,1.084225,1.09045607
August,1,11.83484723,1,0.9856594,0.9913237,13.66969447,1.1,1.084225,1.09045607
September,1,11.83649876,1,0.9856594,0.9913237,13.67299752,1.1,1.084225,1.09045607
October,1,11.83815029,1,0.9856594,0.9913237,13.67630058,1.1,1.084225,1.09045607
November,1,11.83980182,1,0.9856594,0.9913237,13.67960363,1.1,1.084225,1.09045607
December,1,11.84145334,1,0.9856594,0.9913237,13.68290669,1.1,1.084225,1.09045607
2093,1,11.84310487,1,0.9828961,0.9913206,13.68620974,1.1,1.081186,1.09045266
February,1,11.8447564,1,0.9828961,0.9913206,13.6895128,1.1,1.081186,1.09045266
March,1,11.84640793,1,0.9828961,0.9913206,13.69281585,1.1,1.081186,1.09045266
April,1,11.84805945,1,0.9828961,0.9913206,13.69611891,1.1,1.081186,1.09045266
May,1,11.84971098,1,0.9828961,0.9913206,13.69942197,1.1,1.081186,1.09045266
June,1,11.85136251,1,0.9828961,0.9913206,13.70272502,1.1,1.081186,1.09045266
July,1,11.85301404,1,0.9828961,0.9913206,13.70602808,1.1,1.081186,1.09045266
August,1,11.85466557,1,0.9828961,0.9913206,13.70933113,1.1,1.081186,1.09045266
September,1,11.85631709,1,0.9828961,0.9913206,13.71263419,1.1,1.081186,1.09045266
October,1,11.85796862,1,0.9828961,0.9913206,13.71593724,1.1,1.081186,1.09045266
November,1,11.85962015,1,0.9828961,0.9913206,13.7192403,1.1,1.081186,1.09045266
December,1,11.86127168,1,0.9828961,0.9913206,13.72254335,1.1,1.081186,1.09045266
2094,1,11.8629232,1,0.9817571,0.9922172,13.72584641,1.1,1.079933,1.09143892
February,1,11.86457473,1,0.9817571,0.9922172,13.72914946,1.1,1.079933,1.09143892
March,1,11.86622626,1,0.9817571,0.9922172,13.73245252,1.1,1.079933,1.09143892
April,1,11.86787779,1,0.9817571,0.9922172,13.73575557,1.1,1.079933,1.09143892
May,1,11.86952931,1,0.9817571,0.9922172,13.73905863,1.1,1.079933,1.09143892
June,1,11.87118084,1,0.9817571,0.9922172,13.74236168,1.1,1.079933,1.09143892
July,1,11.87283237,1,0.9817571,0.9922172,13.74566474,1.1,1.079933,1.09143892
August,1,11.8744839,1,0.9817571,0.9922172,13.7489678,1.1,1.079933,1.09143892
September,1,11.87613543,1,0.9817571,0.9922172,13.75227085,1.1,1.079933,1.09143892
October,1,11.87778695,1,0.9817571,0.9922172,13.75557391,1.1,1.079933,1.09143892
November,1,11.87943848,1,0.9817571,0.9922172,13.75887696,1.1,1.079933,1.09143892
December,1,11.88109001,1,0.9817571,0.9922172,13.76218002,1.1,1.079933,1.09143892
2095,1,11.88274154,1,0.9821233,0.9915382,13.76548307,1.1,1.080336,1.09069202
February,1,11.88439306,1,0.9821233,0.9915382,13.76878613,1.1,1.080336,1.09069202
March,1,11.88604459,1,0.9821233,0.9915382,13.77208918,1.1,1.080336,1.09069202
April,1,11.88769612,1,0.9821233,0.9915382,13.77539224,1.1,1.080336,1.09069202
May,1,11.88934765,1,0.9821233,0.9915382,13.77869529,1.1,1.080336,1.09069202
June,1,11.89099917,1,0.9821233,0.9915382,13.78199835,1.1,1.080336,1.09069202
July,1,11.8926507,1,0.9821233,0.9915382,13.7853014,1.1,1.080336,1.09069202
August,1,11.89430223,1,0.9821233,0.9915382,13.78860446,1.1,1.080336,1.09069202
September,1,11.89595376,1,0.9821233,0.9915382,13.79190751,1.1,1.080336,1.09069202
October,1,11.89760528,1,0.9821233,0.9915382,13.79521057,1.1,1.080336,1.09069202
November,1,11.89925681,1,0.9821233,0.9915382,13.79851363,1.1,1.080336,1.09069202
December,1,11.90090834,1,0.9821233,0.9915382,13.80181668,1.1,1.080336,1.09069202
2096,1,11.90255987,1,0.9839283,0.9923859,13.80511974,1.1,1.082321,1.09162449
February,1,11.9042114,1,0.9839283,0.9923859,13.80842279,1.1,1.082321,1.09162449
March,1,11.90586292,1,0.9839283,0.9923859,13.81172585,1.1,1.082321,1.09162449
April,1,11.90751445,1,0.9839283,0.9923859,13.8150289,1.1,1.082321,1.09162449
May,1,11.90916598,1,0.9839283,0.9923859,13.81833196,1.1,1.082321,1.09162449
June,1,11.91081751,1,0.9839283,0.9923859,13.82163501,1.1,1.082321,1.09162449
July,1,11.91246903,1,0.9839283,0.9923859,13.82493807,1.1,1.082321,1.09162449
August,1,11.91412056,1,0.9839283,0.9923859,13.82824112,1.1,1.082321,1.09162449
September,1,11.91577209,1,0.9839283,0.9923859,13.83154418,1.1,1.082321,1.09162449
October,1,11.91742362,1,0.9839283,0.9923859,13.83484723,1.1,1.082321,1.09162449
November,1,11.91907514,1,0.9839283,0.9923859,13.83815029,1.1,1.082321,1.09162449
December,1,11.92072667,1,0.9839283,0.9923859,13.84145334,1.1,1.082321,1.09162449
2097,1,11.9223782,1,0.9847965,0.9924498,13.8447564,1.1,1.083276,1.09169478
February,1,11.92402973,1,0.9847965,0.9924498,13.84805945,1.1,1.083276,1.09169478
March,1,11.92568126,1,0.9847965,0.9924498,13.85136251,1.1,1.083276,1.09169478
April,1,11.92733278,1,0.9847965,0.9924498,13.85466557,1.1,1.083276,1.09169478
May,1,11.92898431,1,0.9847965,0.9924498,13.85796862,1.1,1.083276,1.09169478
June,1,11.93063584,1,0.9847965,0.9924498,13.86127168,1.1,1.083276,1.09169478
July,1,11.93228737,1,0.9847965,0.9924498,13.86457473,1.1,1.083276,1.09169478
August,1,11.93393889,1,0.9847965,0.9924498,13.86787779,1.1,1.083276,1.09169478
September,1,11.93559042,1,0.9847965,0.9924498,13.87118084,1.1,1.083276,1.09169478
October,1,11.93724195,1,0.9847965,0.9924498,13.8744839,1.1,1.083276,1.09169478
November,1,11.93889348,1,0.9847965,0.9924498,13.87778695,1.1,1.083276,1.09169478
December,1,11.940545,1,0.9847965,0.9924498,13.88109001,1.1,1.083276,1.09169478
2098,1,11.94219653,1,0.9877969,0.9920947,13.88439306,1.1,1.086577,1.09130417
February,1,11.94384806,1,0.9877969,0.9920947,13.88769612,1.1,1.086577,1.09130417
March,1,11.94549959,1,0.9877969,0.9920947,13.89099917,1.1,1.086577,1.09130417
April,1,11.94715111,1,0.9877969,0.9920947,13.89430223,1.1,1.086577,1.09130417
May,1,11.94880264,1,0.9877969,0.9920947,13.89760528,1.1,1.086577,1.09130417
June,1,11.95045417,1,0.9877969,0.9920947,13.90090834,1.1,1.086577,1.09130417
July,1,11.9521057,1,0.9877969,0.9920947,13.9042114,1.1,1.086577,1.09130417
August,1,11.95375723,1,0.9877969,0.9920947,13.90751445,1.1,1.086577,1.09130417
September,1,11.95540875,1,0.9877969,0.9920947,13.91081751,1.1,1.086577,1.09130417
October,1,11.95706028,1,0.9877969,0.9920947,13.91412056,1.1,1.086577,1.09130417
November,1,11.95871181,1,0.9877969,0.9920947,13.91742362,1.1,1.086577,1.09130417
December,1,11.96036334,1,0.9877969,0.9920947,13.92072667,1.1,1.086577,1.09130417
2099,1,11.96201486,1,0.9794797,0.9919468,13.92402973,1.1,1.077428,1.09114148
February,1,11.96366639,1,0.9794797,0.9919468,13.92733278,1.1,1.077428,1.09114148
March,1,11.96531792,1,0.9794797,0.9919468,13.93063584,1.1,1.077428,1.09114148
April,1,11.96696945,1,0.9794797,0.9919468,13.93393889,1.1,1.077428,1.09114148
May,1,11.96862097,1,0.9794797,0.9919468,13.93724195,1.1,1.077428,1.09114148
June,1,11.9702725,1,0.9794797,0.9919468,13.940545,1.1,1.077428,1.09114148
July,1,11.97192403,1,0.9794797,0.9919468,13.94384806,1.1,1.077428,1.09114148
August,1,11.97357556,1,0.9794797,0.9919468,13.94715111,1.1,1.077428,1.09114148
September,1,11.97522709,1,0.9794797,0.9919468,13.95045417,1.1,1.077428,1.09114148
October,1,11.97687861,1,0.9794797,0.9919468,13.95375723,1.1,1.077428,1.09114148
November,1,11.97853014,1,0.9794797,0.9919468,13.95706028,1.1,1.077428,1.09114148
December,1,11.98018167,1,0.9794797,0.9919468,13.96036334,1.1,1.077428,1.09114148
2100,1,11.9818332,1,0.9794797,0.9919468,13.96366639,1.1,1.077428,1.09114148
February,1,11.98348472,1,0.9794797,0.9919468,13.96696945,1.1,1.077428,1.09114148
March,1,11.98513625,1,0.9794797,0.9919468,13.9702725,1.1,1.077428,1.09114148
April,1,11.98678778,1,0.9794797,0.9919468,13.97357556,1.1,1.077428,1.09114148
May,1,11.98843931,1,0.9794797,0.9919468,13.97687861,1.1,1.077428,1.09114148
June,1,11.99009083,1,0.9794797,0.9919468,13.98018167,1.1,1.077428,1.09114148
July,1,11.99174236,1,0.9794797,0.9919468,13.98348472,1.1,1.077428,1.09114148
August,1,11.99339389,1,0.9794797,0.9919468,13.98678778,1.1,1.077428,1.09114148
September,1,11.99504542,1,0.9794797,0.9919468,13.99009083,1.1,1.077428,1.09114148
October,1,11.99669694,1,0.9794797,0.9919468,13.99339389,1.1,1.077428,1.09114148
November,1,11.99834847,1,0.9794797,0.9919468,13.99669694,1.1,1.077428,1.09114148
December,1,12,1,0.9794797,0.9919468,14,1.1,1.077428,1.09114148
